// Research-Optimized Arduino Baby Cry Classifier
// Based on 2024-2025 research findings & Ablation Study for embedded systems
// Features: MFCC + Delta MFCCs + GFCC + Harmonic Ratio (62 features)
// Model size: 19632 bytes (19.2 KB)
// Research Accuracy: 89.2%

#ifndef RESEARCH_ARDUINO_CRY_CLASSIFIER_H_
#define RESEARCH_ARDUINO_CRY_CLASSIFIER_H_

const unsigned char research_arduino_cry_classifier_tflite[] = {
  0x20,0x00,0x00,0x00,0x54,0x46,0x4c,0x33,0x00,0x00,0x00,0x00,0x14,0x00,0x20,0x00,0x1c,0x00,0x18,0x00,
  0x14,0x00,0x10,0x00,0x0c,0x00,0x00,0x00,0x08,0x00,0x04,0x00,0x14,0x00,0x00,0x00,0x1c,0x00,0x00,0x00,
  0x8c,0x00,0x00,0x00,0xe4,0x00,0x00,0x00,0xd0,0x2b,0x00,0x00,0xe0,0x2b,0x00,0x00,0x10,0x4c,0x00,0x00,
  0x03,0x00,0x00,0x00,0x01,0x00,0x00,0x00,0x04,0x00,0x00,0x00,0xce,0xd3,0xff,0xff,0x0c,0x00,0x00,0x00,
  0x1c,0x00,0x00,0x00,0x3c,0x00,0x00,0x00,0x0f,0x00,0x00,0x00,0x73,0x65,0x72,0x76,0x69,0x6e,0x67,0x5f,
  0x64,0x65,0x66,0x61,0x75,0x6c,0x74,0x00,0x01,0x00,0x00,0x00,0x04,0x00,0x00,0x00,0x90,0xff,0xff,0xff,
  0x15,0x00,0x00,0x00,0x04,0x00,0x00,0x00,0x08,0x00,0x00,0x00,0x6f,0x75,0x74,0x70,0x75,0x74,0x5f,0x30,
  0x00,0x00,0x00,0x00,0x01,0x00,0x00,0x00,0x04,0x00,0x00,0x00,0xda,0xd3,0xff,0xff,0x04,0x00,0x00,0x00,
  0x0c,0x00,0x00,0x00,0x6b,0x65,0x72,0x61,0x73,0x5f,0x74,0x65,0x6e,0x73,0x6f,0x72,0x00,0x00,0x00,0x00,
  0x02,0x00,0x00,0x00,0x34,0x00,0x00,0x00,0x04,0x00,0x00,0x00,0xdc,0xff,0xff,0xff,0x18,0x00,0x00,0x00,
  0x04,0x00,0x00,0x00,0x13,0x00,0x00,0x00,0x43,0x4f,0x4e,0x56,0x45,0x52,0x53,0x49,0x4f,0x4e,0x5f,0x4d,
  0x45,0x54,0x41,0x44,0x41,0x54,0x41,0x00,0x08,0x00,0x0c,0x00,0x08,0x00,0x04,0x00,0x08,0x00,0x00,0x00,
  0x17,0x00,0x00,0x00,0x04,0x00,0x00,0x00,0x13,0x00,0x00,0x00,0x6d,0x69,0x6e,0x5f,0x72,0x75,0x6e,0x74,
  0x69,0x6d,0x65,0x5f,0x76,0x65,0x72,0x73,0x69,0x6f,0x6e,0x00,0x19,0x00,0x00,0x00,0xe8,0x2a,0x00,0x00,
  0xe0,0x2a,0x00,0x00,0xbc,0x2a,0x00,0x00,0x5c,0x2a,0x00,0x00,0x0c,0x2a,0x00,0x00,0x7c,0x28,0x00,0x00,
  0x0c,0x28,0x00,0x00,0xfc,0x24,0x00,0x00,0x6c,0x24,0x00,0x00,0x5c,0x1e,0x00,0x00,0x8c,0x1d,0x00,0x00,
  0x7c,0x11,0x00,0x00,0x6c,0x10,0x00,0x00,0xdc,0x00,0x00,0x00,0xd4,0x00,0x00,0x00,0xcc,0x00,0x00,0x00,
  0xc4,0x00,0x00,0x00,0xbc,0x00,0x00,0x00,0xb4,0x00,0x00,0x00,0xac,0x00,0x00,0x00,0xa4,0x00,0x00,0x00,
  0x9c,0x00,0x00,0x00,0x94,0x00,0x00,0x00,0x74,0x00,0x00,0x00,0x04,0x00,0x00,0x00,0xba,0xd4,0xff,0xff,
  0x04,0x00,0x00,0x00,0x60,0x00,0x00,0x00,0x0c,0x00,0x00,0x00,0x08,0x00,0x0e,0x00,0x08,0x00,0x04,0x00,
  0x08,0x00,0x00,0x00,0x10,0x00,0x00,0x00,0x28,0x00,0x00,0x00,0x00,0x00,0x06,0x00,0x08,0x00,0x04,0x00,
  0x06,0x00,0x00,0x00,0x04,0x00,0x00,0x00,0x01,0x00,0x00,0x00,0xeb,0x03,0x00,0x00,0x0c,0x00,0x18,0x00,
  0x14,0x00,0x10,0x00,0x0c,0x00,0x04,0x00,0x0c,0x00,0x00,0x00,0xc4,0xb2,0xe3,0x47,0xdf,0xf5,0x92,0xd0,
  0x02,0x00,0x00,0x00,0x02,0x00,0x00,0x00,0x04,0x00,0x00,0x00,0x06,0x00,0x00,0x00,0x32,0x2e,0x32,0x30,
  0x2e,0x30,0x00,0x00,0x26,0xd5,0xff,0xff,0x04,0x00,0x00,0x00,0x10,0x00,0x00,0x00,0x31,0x2e,0x31,0x34,
  0x2e,0x30,0x00,0x00,0x00,0x00,0x00,0x00,0x00,0x00,0x00,0x00,0xf0,0xb5,0xff,0xff,0xf4,0xb5,0xff,0xff,
  0xf8,0xb5,0xff,0xff,0xfc,0xb5,0xff,0xff,0x00,0xb6,0xff,0xff,0x04,0xb6,0xff,0xff,0x08,0xb6,0xff,0xff,
  0x0c,0xb6,0xff,0xff,0x10,0xb6,0xff,0xff,0x66,0xd5,0xff,0xff,0x04,0x00,0x00,0x00,0x80,0x0f,0x00,0x00,
  0x13,0x25,0xc6,0xd5,0xca,0xc1,0x59,0x49,0x1a,0x56,0x09,0x81,0xfa,0x34,0xd6,0xc7,0x1a,0x5a,0xe1,0xe4,
  0xe4,0x12,0x1f,0xf8,0x27,0x0d,0xd7,0x31,0xd8,0x0e,0x31,0xc6,0x21,0xc4,0xf3,0x20,0xd1,0xd7,0x2c,0xed,
  0x53,0xf5,0x28,0xbc,0xaf,0x06,0xe8,0x30,0x18,0x43,0xe3,0x3b,0x13,0x3b,0x31,0xf2,0x39,0xdc,0x26,0x00,
  0xec,0xee,0x41,0x10,0x94,0x02,0x61,0x8f,0x31,0x72,0xdb,0x81,0xe4,0x4f,0x29,0x0f,0xdc,0xa9,0xe7,0x09,
  0xd3,0x47,0x5c,0xf6,0x4f,0xc7,0x49,0xbf,0xdc,0x41,0xec,0x0b,0xb3,0x1e,0x6a,0x60,0x27,0x96,0xe4,0xb1,
  0xa8,0x54,0xa1,0xc4,0xb0,0x31,0xb0,0x1f,0x30,0x48,0xba,0xcd,0x9e,0x15,0x41,0xb9,0xc1,0x29,0x9a,0x37,
  0xc1,0x00,0xd3,0xc6,0x13,0xe6,0xaf,0x28,0x51,0xc8,0xd0,0x2e,0xfd,0xde,0x06,0x42,0xe5,0x38,0x15,0xfa,
  0x09,0x12,0x24,0xff,0xd8,0xb7,0x19,0x27,0xea,0x81,0xcf,0xd6,0xf4,0xd0,0x3b,0x00,0xe1,0xd8,0x01,0x43,
  0x1b,0x32,0x13,0x3e,0xfc,0x19,0xf3,0xb2,0xac,0x13,0x0b,0xd6,0xe1,0xef,0xd6,0x15,0xcc,0x29,0x04,0x3b,
  0xcd,0xc9,0x5f,0x00,0xea,0x0f,0x52,0x3e,0xe8,0xdb,0xb7,0x1f,0xfd,0x1d,0xba,0xea,0xc7,0x83,0xd3,0x24,
  0x1b,0x1e,0xc9,0xcc,0x4b,0xe4,0x18,0x2d,0x16,0x17,0xe6,0x29,0xd5,0x36,0xe1,0x53,0xb4,0x8f,0x0e,0xc4,
  0xe9,0xaf,0x81,0x2c,0x41,0xff,0x47,0x11,0x0f,0xea,0xdb,0x05,0xe3,0x58,0xeb,0xca,0xc5,0x94,0xfa,0x4e,
  0xc9,0xed,0xd2,0x06,0x31,0x00,0x4f,0xf9,0xb8,0xd1,0xf5,0x0b,0x2d,0x30,0xe4,0x3f,0x24,0x5e,0x45,0xe2,
  0xf0,0x33,0xc9,0x38,0x10,0x36,0xf2,0x1e,0x3e,0xf2,0xbe,0x3b,0xf9,0x1d,0x25,0x17,0x81,0xef,0xbb,0x0c,
  0x2b,0xbf,0x5b,0xf3,0xc5,0x10,0xb6,0x34,0xda,0xec,0x25,0xe2,0x1a,0x1c,0xfe,0x60,0x02,0x3e,0x50,0x02,
  0xe9,0xf7,0x08,0xfd,0xe5,0xe6,0x21,0x00,0x2f,0x14,0xa7,0xfe,0x9a,0xb1,0x35,0xd7,0x1d,0x0e,0x20,0xc5,
  0x25,0x63,0x2c,0x28,0xfb,0x1d,0xe3,0x15,0xec,0x24,0xa8,0x6c,0xef,0xf0,0xd2,0x2b,0x02,0xba,0xc2,0x33,
  0x9a,0xda,0x93,0x30,0x17,0xbc,0x27,0x94,0x65,0x7f,0xb2,0xbf,0xe9,0x22,0x1a,0x53,0x53,0x13,0xd3,0xfa,
  0xa7,0x58,0xd8,0x40,0xb0,0xa1,0x38,0xdc,0xbe,0x00,0x17,0x3b,0xba,0x0f,0x2a,0x79,0xb9,0x3f,0x08,0x1f,
  0x1a,0x94,0x8c,0xb9,0x0b,0x1e,0xd3,0xe8,0xd7,0xd3,0xa5,0x0a,0xe4,0xef,0x70,0x46,0xda,0x4c,0x31,0xf7,
  0xfb,0x0c,0x39,0xbe,0x34,0xe7,0x0c,0x0b,0x7b,0xcf,0xa2,0x36,0x53,0x3e,0x47,0x0e,0x42,0xc9,0x34,0xa6,
  0x0b,0x4f,0xdb,0xf3,0xda,0x11,0xc8,0x29,0x81,0x60,0xe3,0x00,0xbf,0x24,0x50,0xe7,0xbd,0xde,0x0e,0x28,
  0xc1,0x04,0x4c,0x06,0xd1,0x31,0x12,0x40,0xfd,0xf6,0xf9,0x0b,0xfc,0x39,0xf1,0x0b,0xca,0x07,0xc1,0xbf,
  0x27,0x19,0xf2,0x0b,0x35,0x2a,0xda,0x33,0xe8,0x0d,0xee,0xd8,0xfa,0x5b,0x06,0x4e,0xe8,0x1e,0x17,0x16,
  0xe8,0x3d,0x13,0x28,0x2f,0xdf,0xdb,0xeb,0xea,0x7f,0x00,0xf6,0x0c,0x00,0xf6,0x02,0x14,0xc3,0xc2,0xf3,
  0xd9,0xc5,0xe5,0x2a,0xde,0x38,0x44,0xa8,0x03,0x3c,0x98,0xe0,0x07,0x73,0x2e,0x26,0xb1,0x43,0xea,0xeb,
  0x36,0x39,0x09,0x7f,0x03,0x1c,0x54,0xab,0xf2,0xfd,0x18,0xd4,0xf3,0xf6,0x1c,0x06,0x30,0x23,0x3b,0xed,
  0x1f,0x14,0xba,0x31,0xf5,0x15,0xd9,0xc6,0x1a,0xda,0x27,0xe2,0xc4,0xaf,0xc9,0x00,0xfc,0xca,0xfb,0xe4,
  0xab,0xc4,0xee,0x2f,0x01,0xea,0xd8,0xfd,0xe8,0x2a,0xe4,0x4c,0x29,0x5b,0xcf,0xc6,0xc4,0x3c,0xe4,0x58,
  0xbb,0xe0,0xf3,0x33,0x84,0xaf,0x01,0xc6,0xbf,0x6a,0xfa,0xf4,0x8c,0x53,0xd0,0xed,0x5c,0xf2,0x26,0x0a,
  0xdf,0x1b,0xb7,0x43,0x7f,0x3c,0xb7,0x25,0x92,0xcb,0x39,0x4b,0x36,0xea,0xe8,0x0e,0xe7,0x00,0xdb,0x11,
  0xbe,0xc4,0x60,0xbf,0xd9,0xcb,0xe4,0x0b,0x61,0xc8,0x81,0xd8,0xcb,0x50,0x5e,0x88,0x08,0xd8,0x21,0xdd,
  0x92,0xf0,0x08,0xde,0x5e,0x3a,0x8c,0x42,0xac,0x5d,0xf9,0x65,0x2c,0xa6,0x1e,0xb3,0xfb,0xfd,0xe7,0x01,
  0x45,0x5d,0x02,0xf8,0xe2,0xed,0x14,0xd5,0x5f,0x44,0x37,0x5d,0xae,0x63,0x07,0xc5,0x0a,0xf8,0xad,0x00,
  0xd8,0x03,0x3b,0x56,0xc2,0x0e,0xfc,0x3f,0xad,0xe8,0x45,0x4b,0x39,0x22,0x7f,0xb0,0x1b,0xd1,0x13,0x1a,
  0x93,0x2d,0xe0,0xfc,0x12,0x5c,0xeb,0x48,0xf4,0xfd,0x18,0xce,0x11,0xc9,0x3d,0x16,0xe3,0x04,0x01,0x2d,
  0xcd,0x49,0x3a,0xcb,0xa0,0x45,0x3a,0x52,0x40,0x53,0xfb,0x1a,0xe9,0xed,0x93,0x11,0x08,0x3a,0x9e,0x58,
  0xfa,0x00,0x3b,0xbc,0x2e,0x46,0xf3,0xcc,0xff,0xd0,0x41,0xb6,0xfe,0x54,0xcf,0x3c,0x48,0x30,0x04,0xe8,
  0x14,0x0b,0x96,0xf0,0xf4,0x54,0x2a,0xee,0xe8,0xbe,0xfa,0x4e,0xe2,0x32,0xd6,0x2e,0x17,0x00,0x1c,0xe7,
  0xf7,0xb8,0xff,0x0c,0x29,0xf1,0x1d,0xd1,0x7f,0x0f,0x04,0x50,0xee,0xe8,0x44,0x2a,0x1f,0x20,0x50,0x0d,
  0x13,0xb2,0x08,0x00,0xde,0x4c,0x09,0x2a,0xf6,0x18,0x2c,0xe8,0xb0,0xe4,0xd0,0x1b,0x2d,0xc8,0x6d,0xb4,
  0x18,0x97,0xc9,0xca,0x10,0xdf,0x47,0xb7,0xe0,0x25,0xfb,0x1c,0x5a,0x2b,0xf4,0x29,0xee,0x74,0x1a,0x19,
  0x18,0xd7,0x35,0xcd,0x0c,0x24,0x0c,0x4c,0xc3,0x11,0x33,0xea,0x02,0xf1,0xe9,0x32,0x13,0xa3,0xdc,0x16,
  0xbb,0x37,0x81,0x5f,0x5d,0x00,0xfc,0x33,0x2b,0xc8,0xcc,0xec,0xcd,0xce,0xe5,0xd6,0xeb,0xe2,0x01,0xf2,
  0xcf,0xf2,0x0a,0x14,0xb3,0x1a,0x26,0xda,0xd2,0xfa,0xff,0xf4,0x0b,0x18,0xe3,0x03,0x17,0xd0,0xd0,0xb1,
  0xf8,0x02,0x81,0x4a,0xc2,0x17,0xcf,0xb1,0xfc,0x10,0x1c,0xae,0x19,0x62,0xaf,0x17,0x4b,0xca,0x3b,0x18,
  0xc6,0x8f,0x45,0x10,0x9a,0xee,0x15,0x00,0xc7,0xdc,0xc7,0xeb,0x40,0x42,0x37,0x99,0xcd,0x81,0xd1,0x00,
  0xe6,0xc8,0x05,0x09,0xaf,0x49,0x10,0xd9,0x0e,0xe5,0xf8,0xc7,0x1d,0xcb,0xb8,0x1f,0xe6,0x2f,0x04,0x06,
  0x2d,0x6b,0x28,0x47,0x39,0xdf,0x6d,0xf3,0xbd,0xab,0x15,0xb8,0xfa,0xe6,0x44,0x0c,0xda,0x90,0x51,0x68,
  0xbc,0x66,0x0d,0x38,0xd3,0x1e,0x00,0x47,0xe9,0x00,0xe9,0xfb,0x81,0x3a,0xf2,0xca,0xe7,0xd3,0x03,0x94,
  0x0b,0x4d,0x4a,0xdd,0xca,0x25,0xf4,0x9e,0x9d,0xef,0x51,0x51,0x08,0xbd,0x1a,0xc0,0x0f,0x17,0xcf,0xe5,
  0xda,0x17,0x9c,0xd7,0xc5,0x78,0x34,0xd1,0x2f,0x1f,0x0f,0x4c,0x12,0x19,0xff,0x3a,0xdd,0xea,0x35,0x1a,
  0x58,0x0b,0xb0,0x1a,0x50,0xcd,0xe9,0xb0,0x49,0x19,0xa1,0x00,0x37,0xeb,0x3b,0x1f,0xc8,0xd9,0xdb,0x04,
  0xe9,0xf7,0xd3,0x4c,0xe4,0x4e,0x2a,0x60,0x0e,0x0e,0xef,0xdf,0x06,0xc6,0xfc,0xe6,0xec,0x26,0x15,0xea,
  0xf2,0xb3,0x3d,0xfc,0x04,0xf6,0x03,0xe8,0x2f,0xd1,0xd4,0xdc,0x5f,0x81,0x1b,0x25,0xb0,0x5c,0x40,0xbe,
  0xf1,0xb5,0x08,0x42,0x16,0xb4,0x05,0xfd,0xc0,0x0f,0x31,0x25,0xe9,0x00,0xd8,0xca,0x3a,0x3e,0x14,0xcf,
  0x62,0xef,0x1b,0xe2,0xff,0x20,0xd3,0xeb,0x38,0xb7,0x44,0x15,0x2b,0x28,0xb0,0xd7,0x1c,0xfb,0x01,0xfc,
  0x32,0x13,0x89,0xdb,0x11,0x4f,0xb8,0xf8,0xd1,0xbb,0xe6,0xc4,0x00,0x7f,0xf7,0xe7,0x2e,0x4b,0xf6,0x4b,
  0x0f,0x24,0xca,0x1e,0xe7,0xc1,0xa0,0xb7,0xc0,0x4e,0x16,0xa3,0xc4,0xf8,0x30,0x00,0x9f,0x09,0x19,0x46,
  0x0e,0xaa,0xf6,0xcc,0x0c,0xba,0xdc,0xed,0xf1,0xa6,0x81,0x11,0xd8,0x0e,0x0b,0xf1,0xe2,0xe8,0xc7,0x22,
  0x5b,0x1d,0xf9,0xc6,0xa5,0x3c,0xd1,0x16,0xc2,0xbe,0x3a,0xd8,0x07,0x5b,0x45,0xf7,0xee,0xaa,0x15,0x2e,
  0x29,0x44,0x47,0x3d,0xee,0xbf,0x25,0x3d,0xed,0x5e,0xf5,0xbd,0x20,0xef,0x46,0xfb,0xcc,0x00,0x33,0xc2,
  0xf1,0x15,0x42,0xe1,0x81,0x46,0xed,0xa2,0xf3,0xf9,0x93,0xa4,0xa6,0x4f,0xf2,0xa5,0xb8,0x11,0x1f,0xef,
  0x18,0xea,0xf0,0x03,0x59,0xbb,0x0a,0xe2,0x16,0x1a,0xcb,0x17,0xf0,0xcb,0x17,0xf9,0xbf,0x16,0xff,0x24,
  0x1d,0x1c,0x3e,0xe7,0x2b,0xf2,0xf7,0xdf,0x3a,0x4b,0xee,0x08,0x2e,0x63,0xe9,0x0a,0x23,0x1a,0xac,0x00,
  0x25,0x19,0x42,0xd6,0xb1,0xab,0xb7,0xc2,0x0b,0x05,0x04,0x64,0xec,0x1f,0x1a,0x04,0x7f,0xf1,0xf3,0x21,
  0xea,0x50,0x1b,0x5c,0xf1,0x1f,0xf3,0xea,0xbb,0xbf,0xf3,0x25,0xa8,0x4a,0x42,0xda,0x0e,0xfa,0x27,0x30,
  0x32,0x07,0xeb,0x01,0xe0,0x2f,0xd0,0x94,0x72,0x1d,0x0d,0x42,0xac,0x1d,0x37,0xe6,0xf9,0x1f,0x34,0x36,
  0x4b,0x00,0xdd,0x2a,0x7f,0x90,0x6b,0x99,0xea,0xc8,0x06,0xdb,0xea,0xbd,0xb6,0xdc,0xb0,0x2e,0xf2,0x0d,
  0x20,0x06,0xf2,0xa0,0x0c,0xc0,0x12,0xb5,0x13,0x21,0xab,0x50,0xe1,0xd9,0x4d,0xcc,0x34,0x58,0x53,0xa0,
  0xdc,0x4b,0x44,0xdc,0xad,0x1d,0xed,0x0c,0x57,0x1c,0xd3,0xe4,0xbc,0xb4,0x34,0x29,0xc7,0x02,0x15,0x36,
  0x2f,0xeb,0xcd,0x00,0x8d,0x89,0x17,0x25,0xb2,0x49,0x28,0xec,0x54,0x3e,0x1f,0xce,0xea,0x1b,0x1f,0x10,
  0x24,0x45,0xd8,0x24,0xc3,0xd6,0x3b,0xd6,0x09,0x0d,0x54,0x19,0x37,0x32,0xff,0xf5,0x2a,0x30,0xb1,0x05,
  0xd6,0x2a,0x09,0x0f,0xf7,0xe2,0x20,0xfe,0x08,0xbf,0xc8,0x01,0x81,0x0a,0xf4,0x0d,0x22,0xda,0xb8,0xdf,
  0xf8,0x6f,0xc7,0x09,0x3e,0x00,0x68,0xba,0xf2,0xeb,0xc8,0x16,0x2a,0x24,0x27,0x4f,0xd7,0xd6,0xfd,0x2a,
  0xd6,0xc8,0x07,0x4d,0x29,0xc4,0x1e,0x85,0xbe,0x31,0x28,0x15,0x2b,0xb7,0xc7,0x5a,0x58,0x0f,0xc6,0xa5,
  0xe0,0x4d,0xfc,0xce,0xf7,0x29,0xee,0x7f,0x0c,0x0b,0x10,0x23,0xdd,0xd9,0xe7,0xf1,0xcc,0x2a,0xdb,0x01,
  0xac,0x08,0xdb,0x19,0xbc,0xb0,0x36,0x00,0x25,0x1a,0xfd,0xe1,0xbf,0x43,0x81,0xca,0x0c,0x0e,0x04,0xed,
  0x19,0x57,0x14,0xf1,0xec,0x55,0xfb,0x58,0xf9,0x11,0x55,0xb2,0xd9,0xf4,0xfd,0x0b,0xff,0x14,0xd0,0xc3,
  0xf8,0xd3,0xfc,0xf1,0x0e,0x4b,0xce,0xf7,0xac,0x33,0x4c,0xd1,0xe6,0x3a,0x2b,0x32,0xe0,0x09,0x22,0x19,
  0x34,0x0e,0xff,0x4a,0xdb,0x2e,0x2b,0x60,0x18,0x00,0x4c,0x07,0xc3,0xc5,0xe0,0xeb,0x0c,0xa1,0x24,0xbf,
  0x34,0xfc,0x3c,0xdf,0xf1,0x0e,0x99,0x39,0xa3,0xe4,0x76,0xbe,0x20,0x38,0x1b,0x27,0x5c,0xef,0x12,0xf9,
  0xde,0xf6,0x10,0xee,0xec,0xc8,0x26,0x4d,0x7f,0xdd,0xde,0xc7,0x4c,0x42,0xf0,0x34,0xfc,0xea,0x50,0xf9,
  0x0f,0xe7,0xd0,0xf8,0xd4,0x04,0xab,0xcf,0x44,0x14,0x0e,0x00,0xf3,0xdf,0x3f,0x04,0xfc,0x06,0x0c,0xea,
  0xc7,0xbf,0x01,0xa2,0xf7,0xe3,0x1b,0x28,0xe8,0x30,0xc6,0x03,0xe7,0x3f,0xd4,0xbf,0xf0,0xf5,0xb9,0xe3,
  0x9e,0xf2,0x2c,0x29,0xfc,0x31,0x4c,0xd6,0xe4,0x1d,0x39,0x0f,0x9c,0x5f,0xc1,0xb5,0x07,0xed,0x21,0x38,
  0x4c,0x2d,0xcb,0x46,0xc6,0x69,0x04,0xd5,0xde,0xe3,0x7f,0xb1,0xd4,0x00,0xd4,0xce,0x31,0xd7,0x08,0xc6,
  0x07,0xe7,0x2d,0x5a,0x1b,0xa6,0x5d,0x17,0x21,0x09,0x20,0xe9,0xea,0x51,0x0b,0xb2,0x2d,0x1d,0x1b,0xe3,
  0x81,0xab,0xc2,0x00,0xcd,0x16,0xc3,0x9b,0xdb,0x07,0x1e,0x45,0x2d,0xf3,0x4e,0xad,0x10,0xe2,0x0b,0x37,
  0x43,0x04,0x2a,0x69,0x78,0xe6,0x5c,0x38,0xb8,0xd1,0xdf,0xd2,0x14,0x3b,0x16,0x00,0xdf,0x46,0xf8,0x5d,
  0xb7,0xbe,0x36,0x1a,0x05,0xe4,0xe6,0x4a,0x0a,0xf6,0xec,0x7f,0x0d,0xf6,0xc3,0xc7,0x08,0x6b,0x65,0xb8,
  0xd4,0xaf,0x07,0x5e,0x55,0xc3,0x2a,0x17,0xe2,0x4c,0x4c,0xab,0xea,0xae,0xbf,0x4d,0xf6,0x2b,0x0a,0xa2,
  0xb4,0xf4,0xc8,0x5c,0xe0,0x03,0x59,0x39,0x2f,0xd9,0x62,0x19,0xff,0xd3,0xda,0x32,0x0b,0x00,0x27,0x1c,
  0x2b,0x2b,0xce,0xcb,0x2b,0xed,0x02,0x5a,0x51,0x19,0x1d,0xec,0xb9,0x53,0x03,0x1d,0x0f,0x0c,0x19,0xf8,
  0xff,0x7b,0x30,0x17,0x1c,0x4c,0x42,0x45,0x1b,0xcc,0x49,0x01,0x57,0x1e,0xff,0x0e,0x07,0x17,0xe6,0x0e,
  0x4f,0x16,0x20,0x5c,0x7f,0x05,0x9c,0x31,0x2e,0xfd,0xd5,0x4e,0xda,0x30,0xcb,0x12,0xff,0xfb,0xc9,0x00,
  0xd0,0xda,0xab,0xc2,0x04,0x19,0x64,0xec,0xb4,0x05,0x48,0x23,0xe5,0xf0,0x37,0x07,0x02,0x7f,0xc9,0xce,
  0xff,0x09,0x47,0x09,0xe4,0x3b,0xcf,0x4c,0x7e,0xc8,0xea,0xc5,0x1c,0xfa,0xb0,0x06,0x0b,0x07,0xff,0xb3,
  0xd4,0xf2,0xbb,0x16,0x08,0xde,0x20,0xce,0x2b,0x2f,0x02,0xf7,0xdd,0xd8,0xc0,0x53,0x0f,0xd0,0x4e,0x3b,
  0x16,0x00,0xf8,0x08,0xc2,0xfd,0x11,0x54,0xc1,0xc6,0xcf,0xc3,0x0d,0xf3,0x2f,0x01,0x42,0x0d,0xa0,0xf9,
  0xf5,0x7f,0x07,0x4a,0xe7,0xd4,0xd7,0x10,0x54,0xf7,0x29,0xd2,0x47,0x06,0xec,0xd3,0x1d,0xdd,0x4d,0xb6,
  0xc4,0x2c,0x4a,0x09,0xca,0x51,0x0f,0xec,0xe6,0xcc,0x29,0xa4,0xa8,0x4c,0xd6,0xe8,0xd6,0xde,0xfc,0xd9,
  0xde,0x23,0x5b,0x00,0x73,0x55,0x14,0x04,0xf6,0x3a,0xbf,0xf6,0x81,0xb1,0x6f,0xc8,0x0d,0x14,0x9f,0xc7,
  0xbf,0x75,0xac,0xdb,0x3e,0xb1,0x8c,0xc1,0x53,0xf5,0xe3,0x0f,0xb8,0xc2,0xee,0x17,0x30,0xf1,0xeb,0xf0,
  0x24,0x07,0x78,0x25,0xda,0xed,0x00,0xf4,0x16,0x68,0xe5,0xc7,0x31,0xd0,0xe0,0x5c,0xb7,0x1f,0x30,0xc2,
  0xf2,0xed,0xe9,0x39,0x16,0x00,0x00,0x11,0x9a,0xb0,0x51,0x7f,0x1e,0x36,0x38,0xb5,0xc4,0xeb,0x1b,0x52,
  0x92,0x01,0xc8,0xde,0x33,0x9a,0x62,0x46,0x01,0x82,0x66,0x65,0xe3,0x06,0x3b,0xa8,0xa8,0x91,0xee,0x1b,
  0x31,0xde,0x03,0xd0,0xf4,0x4f,0xdf,0x88,0xf5,0xaa,0x27,0x04,0x51,0xfb,0x27,0xd8,0xfa,0x5a,0x4a,0xa2,
  0x46,0x12,0xa6,0x9f,0xe0,0x01,0xad,0x00,0xc1,0x22,0x41,0xf1,0x53,0x31,0xac,0xae,0xf6,0xda,0xa3,0x29,
  0x1d,0xa2,0x24,0x55,0xed,0xfc,0xcd,0xbd,0x47,0xf2,0x89,0xe4,0xf3,0xfb,0xf9,0x22,0x2e,0xe6,0xe7,0x39,
  0x1d,0xea,0x20,0x27,0x16,0x35,0x1d,0x7f,0xf1,0x12,0xeb,0x37,0x31,0xdb,0xf5,0xa9,0xf3,0xb1,0xe3,0x94,
  0x35,0xbf,0xde,0x1f,0xf6,0x01,0xba,0xa7,0xdf,0x00,0x52,0xe9,0x9d,0x53,0xd8,0x00,0x2b,0x0c,0x19,0x0a,
  0xff,0xf6,0xc2,0x2d,0x2f,0x29,0xc6,0xad,0xca,0x9e,0xc1,0xc2,0x23,0x67,0x9f,0xbc,0xb5,0xe5,0xe9,0x3f,
  0xe5,0xd0,0x28,0x3a,0x0c,0xeb,0xff,0x10,0x59,0xb0,0xc2,0x35,0x34,0x24,0xed,0xe9,0xd8,0x62,0x02,0x36,
  0xc3,0xdd,0x09,0x3e,0xe9,0x15,0x48,0x81,0xfe,0xa3,0xf7,0x00,0xc6,0x71,0xd3,0xcb,0x15,0x0f,0x5d,0xf7,
  0x17,0x50,0xf9,0xfd,0xbf,0x4d,0x1e,0xd7,0xe2,0xe1,0xbd,0x52,0xc3,0xe9,0xbc,0xef,0x1b,0x0a,0xdb,0xe0,
  0x37,0xeb,0x83,0x4c,0x3b,0x43,0xc8,0x46,0x8c,0xe7,0xd9,0xec,0x7f,0x20,0xb5,0xc9,0xac,0xcd,0x1b,0x28,
  0xe7,0x4e,0xfd,0x07,0x9b,0xd1,0x15,0x27,0x47,0xf5,0xde,0x95,0x59,0x00,0x58,0x2b,0xd4,0xa4,0xf1,0xd2,
  0x49,0x54,0x14,0xc9,0x36,0x8c,0x8f,0x08,0x3a,0x12,0x64,0x47,0xa3,0x2f,0xf2,0x48,0x60,0xd1,0x53,0xe4,
  0x50,0x4a,0xf6,0xbe,0x37,0xae,0x77,0x20,0xf2,0xd5,0x4e,0x23,0x29,0x4e,0x0b,0x81,0x79,0xa4,0x05,0xf1,
  0x12,0xd0,0xc5,0x0a,0x5a,0xc5,0x64,0x30,0x1b,0x3c,0x99,0x2c,0xfd,0x38,0xd3,0x00,0xd2,0x35,0xd4,0xab,
  0xe2,0x14,0x34,0x1b,0x47,0x48,0xb5,0x24,0xd9,0x1f,0x0c,0x4c,0xb0,0x16,0x08,0xa6,0xf5,0x34,0x0e,0x2d,
  0xc2,0x13,0x2a,0xe5,0xe2,0x12,0xcf,0x19,0xda,0x33,0x81,0xe8,0xe5,0x35,0x4b,0x2a,0x3d,0xe4,0xd1,0x3a,
  0xbe,0x24,0xc4,0xf7,0x01,0x38,0xa5,0x2d,0xfa,0x2b,0xa9,0xdc,0x34,0x0c,0xbf,0xf3,0x23,0x00,0x4a,0xdc,
  0xd1,0x27,0x7f,0xce,0xc9,0x9d,0x0f,0xe3,0x0b,0x0d,0xfb,0xa2,0x10,0x42,0x41,0x3b,0x25,0x20,0xe7,0xe5,
  0x42,0xd6,0xb0,0x19,0x00,0x3c,0x51,0xbe,0x03,0x4a,0xee,0x74,0x3f,0x50,0x06,0x67,0x4b,0x37,0x8d,0x55,
  0xfe,0x0c,0xd3,0xda,0xe4,0x90,0x54,0x87,0xc9,0x53,0x1b,0x16,0xf0,0x42,0xe0,0xe0,0x28,0x1a,0xac,0x00,
  0xf5,0x25,0xba,0xcd,0xfd,0x7f,0x1f,0x62,0xe6,0xd8,0x1b,0xfb,0x0c,0xba,0x3a,0x16,0x4c,0x6f,0x13,0xc9,
  0xf9,0xc1,0x1f,0x0d,0x2e,0xfb,0x11,0xee,0xda,0x3b,0xd9,0x98,0xcd,0x34,0xb9,0x59,0xd6,0x21,0x46,0xb4,
  0xaa,0x6c,0xf6,0xab,0x48,0xc4,0x34,0x26,0x54,0x6a,0x70,0xfa,0xcf,0x25,0x51,0x0c,0xbf,0xab,0x33,0x50,
  0xa7,0x00,0xb3,0xd1,0x04,0xc9,0xf0,0x08,0x5f,0xc8,0x0a,0x0e,0x30,0xf1,0xd5,0xe8,0xf8,0xb2,0x43,0x1d,
  0x81,0x08,0x36,0x18,0x20,0xf3,0x5d,0xd4,0xc9,0x02,0x24,0xdd,0xf1,0xfe,0x14,0xd9,0xe6,0x3b,0xf3,0x16,
  0xce,0xa3,0x07,0xf0,0x3a,0xdb,0x6b,0x03,0xc4,0xdd,0x64,0xb7,0x0b,0x1b,0xe1,0xd7,0xf0,0x41,0xf2,0x20,
  0x28,0x01,0x3c,0x00,0x43,0x12,0x5d,0x43,0x35,0xdb,0x9b,0xfe,0x4f,0x22,0x41,0x21,0x29,0xc4,0x2e,0x45,
  0xf6,0x21,0x53,0xe0,0xba,0x12,0x0b,0x1f,0x23,0xbc,0xdf,0x1a,0x30,0xfa,0xfc,0xca,0xda,0xc3,0x57,0x22,
  0xa6,0xfc,0xfd,0xb1,0x81,0xe9,0xa0,0xc1,0x26,0xa5,0x48,0x35,0x27,0x06,0xf1,0xd7,0xfd,0x49,0xc0,0x32,
  0x58,0x08,0x93,0x0d,0x0b,0x00,0xc2,0x2a,0xc5,0xde,0xe8,0x2f,0x53,0xa5,0x07,0x14,0xe0,0xf4,0xff,0x62,
  0xba,0x28,0x6c,0xef,0xf7,0xa0,0x2b,0x9b,0x29,0x01,0xbd,0xa4,0xce,0xb3,0xd4,0x08,0x90,0xdd,0xc5,0x34,
  0x7f,0xfa,0xee,0xfe,0x94,0x3b,0xa8,0x25,0x65,0xe9,0x0d,0x76,0x41,0x31,0xcf,0x3c,0x08,0x28,0xff,0x07,
  0xde,0x97,0x06,0xca,0x9b,0x4a,0x84,0x00,0xbc,0xb4,0xaa,0x2a,0x12,0xff,0x39,0xcf,0x16,0x0f,0xe6,0x16,
  0x64,0x0d,0xea,0x11,0xdc,0x16,0x1e,0xed,0xaa,0x26,0x2d,0xf9,0x29,0x07,0xb8,0x89,0xfa,0x2e,0xd8,0xf0,
  0x2a,0xd3,0xd1,0xf5,0x12,0x1d,0x02,0x3c,0xfe,0x2a,0x2a,0xd0,0x17,0xd9,0x81,0xdc,0x0d,0x4f,0xf0,0x50,
  0x0e,0x2f,0x3c,0x34,0x25,0x0d,0x4c,0xf3,0xec,0x00,0x43,0x26,0xa4,0x1d,0xdc,0x36,0xf2,0xf4,0xbf,0xd1,
  0xb7,0xd5,0xc0,0x4a,0x42,0x01,0x1d,0xd6,0x5e,0x0e,0xea,0x7b,0x4e,0x8d,0xc0,0x15,0x20,0xa6,0x45,0x05,
  0x01,0xe6,0xed,0x7f,0xf9,0x15,0x31,0xb7,0xde,0x4b,0x27,0x25,0x36,0xde,0xf9,0xee,0xa0,0xc8,0x13,0xfb,
  0x53,0xfa,0xca,0x48,0x47,0x17,0x03,0x34,0x1c,0xc4,0x32,0x00,0x50,0x79,0xab,0xd0,0xe7,0x50,0x04,0x10,
  0x48,0xfa,0x40,0xee,0x35,0x3b,0xb0,0x24,0x1b,0xb8,0xd6,0x4b,0x0e,0x35,0x0a,0xcc,0x92,0xc8,0x98,0x72,
  0xdd,0x97,0xdc,0x4d,0x31,0x7f,0xfb,0xb9,0x70,0x21,0xee,0x6e,0x8b,0x51,0x2d,0xa2,0xd5,0x25,0x98,0x3b,
  0x49,0x10,0x35,0xd9,0x36,0x2a,0xfe,0xe8,0x54,0xe6,0x4b,0x37,0x95,0x00,0x1a,0x44,0xf3,0x30,0x01,0x49,
  0xd8,0xa5,0x55,0x49,0xaf,0xd4,0x46,0xf4,0x5c,0x93,0x2d,0xbc,0xf3,0xeb,0xbf,0xf0,0x18,0x1f,0x2a,0xf1,
  0xac,0x11,0xff,0x79,0x12,0xf5,0x0b,0x49,0x51,0x62,0xd5,0x31,0x19,0x15,0xe4,0xd9,0xf2,0xde,0x3b,0x11,
  0x18,0x36,0xef,0x18,0x81,0xee,0xed,0x33,0xd5,0x57,0xb5,0xce,0x17,0x92,0xd6,0x00,0x78,0xe1,0xe8,0xf3,
  0xbd,0x0d,0x71,0x3d,0xdb,0xe3,0x21,0x99,0x43,0x37,0xe3,0x3e,0x21,0xf2,0xc0,0x1a,0x35,0x29,0x19,0x0b,
  0x03,0x66,0xf8,0xdc,0x2b,0x1f,0xc3,0x20,0x81,0x15,0x38,0xcf,0x29,0x5b,0x93,0x3f,0x1a,0x85,0x39,0x1c,
  0xca,0x1b,0x48,0xc3,0x85,0xa6,0x3e,0x3b,0x0b,0xcb,0xde,0xd9,0x38,0xc5,0x2a,0x03,0x2c,0x00,0x08,0x07,
  0x4d,0x28,0x82,0x4a,0x21,0x32,0x39,0x39,0x99,0xdb,0x47,0x54,0x39,0x15,0xf6,0xec,0xed,0x02,0x6e,0xe3,
  0x35,0x1e,0xc3,0x81,0xa3,0x3a,0x58,0xd3,0xe3,0x26,0x46,0xa9,0x97,0xd4,0x3b,0xc7,0xa1,0x2b,0xd5,0xef,
  0x20,0xa8,0xc7,0xfc,0x5d,0xd9,0xee,0x28,0xf3,0xe8,0x4c,0xce,0x19,0xd0,0xf4,0xca,0xbf,0x99,0x35,0x00,
  0x93,0x5f,0xf4,0x70,0xee,0x48,0xfc,0xd7,0x17,0x43,0x37,0x22,0xfc,0x81,0xc6,0xcd,0x0f,0xf2,0xb5,0xbb,
  0x52,0xe9,0x24,0x42,0x39,0xd9,0x5e,0xc8,0xd6,0x26,0x50,0xda,0xf7,0xbd,0x20,0xf7,0xf3,0xd4,0xda,0x0e,
  0x3c,0xed,0x08,0x47,0xde,0xbb,0xe3,0xe6,0xef,0xd5,0xc7,0x3e,0xee,0x19,0x1d,0xde,0x12,0xe3,0x57,0x0e,
  0xd2,0x00,0x3f,0x07,0x18,0x0b,0x18,0x1e,0x3e,0x1f,0x1f,0x0b,0x08,0x00,0xd7,0x5e,0x93,0xe0,0x31,0x0e,
  0x20,0xe0,0x28,0x32,0x07,0xb6,0xb8,0x2d,0x45,0xdf,0x39,0xe2,0x88,0xa6,0xad,0x36,0x1e,0xc9,0xfa,0xc0,
  0x2e,0xfb,0x07,0xfc,0xe3,0x53,0x1d,0xb7,0x98,0xb7,0x1b,0xfe,0x40,0xd6,0xf3,0x23,0x2b,0x2a,0x33,0x81,
  0x21,0xd5,0xed,0x00,0xe2,0xe9,0x28,0xfb,0xdc,0x14,0x14,0xfb,0xf7,0x1b,0x25,0x00,0xca,0x3b,0xff,0x0b,
  0xcf,0xd5,0xf7,0x09,0x03,0x08,0xfc,0xd1,0x34,0x0c,0xb2,0xdf,0x33,0x59,0x41,0x18,0xdf,0xa2,0xdd,0x18,
  0xd4,0xfa,0x03,0xf5,0x18,0xaf,0x0f,0xba,0x39,0x7f,0xe0,0xe3,0xf3,0x04,0x42,0x16,0xf2,0x9c,0xf2,0xb4,
  0xa2,0x0c,0x1c,0x24,0x0b,0x00,0x03,0x5e,0xbd,0xd7,0x05,0xe5,0x5e,0xd2,0xad,0xfe,0x9b,0xb5,0xc1,0x49,
  0x6a,0x70,0x3f,0xd7,0x66,0xf1,0x30,0xcc,0x0f,0xf1,0x21,0x24,0xfc,0xa5,0x81,0xa8,0x23,0x86,0x2f,0x23,
  0x24,0xe1,0x28,0x7e,0xf4,0x3f,0x04,0x37,0x22,0x2b,0xc2,0x2e,0x28,0xd7,0x1a,0xe1,0xbe,0x9d,0x9c,0x30,
  0xb0,0x24,0x3b,0x34,0xc6,0x3c,0x0f,0x00,0x08,0x5d,0xbc,0x15,0x05,0xc6,0xd5,0x24,0xce,0x1a,0x4d,0x08,
  0x81,0xf1,0xc0,0x7e,0x16,0xfc,0x12,0xfa,0x01,0x34,0xc2,0xff,0x00,0xbf,0x48,0xef,0x68,0x5f,0x0e,0xf9,
  0x4d,0x69,0xad,0xed,0x11,0xd8,0x3e,0xfa,0x51,0xf3,0x83,0xfa,0xed,0xe7,0xaa,0x24,0xe9,0xe1,0x30,0x35,
  0x37,0xe5,0x05,0xf9,0x2c,0xea,0x19,0xb8,0x3d,0x00,0x05,0x04,0x08,0x44,0xfe,0x2a,0x7f,0x23,0x50,0x00,
  0x04,0xf2,0x0d,0x2b,0xdb,0xe5,0x0b,0x3e,0xf1,0x0c,0xc1,0xcd,0xd0,0xca,0xfa,0xc6,0xd4,0xf7,0x07,0x31,
  0x3e,0x3c,0x46,0x62,0xd6,0xa3,0x0d,0xf8,0xb4,0x06,0x2b,0xf1,0xb2,0xb3,0x32,0x1e,0xd5,0xee,0xf7,0xe9,
  0x55,0xec,0x02,0xeb,0x05,0xf4,0xd0,0xd1,0x45,0xb7,0xd0,0x00,0x14,0xea,0xcb,0x20,0xfd,0x1a,0xf3,0x14,
  0xb3,0x32,0x55,0x14,0xb9,0xe0,0x96,0x46,0x51,0xe9,0xc8,0x03,0x1a,0x14,0x33,0x70,0xda,0x2f,0x59,0xd5,
  0xf8,0xfd,0xfe,0x53,0x0f,0x99,0x39,0xce,0x67,0x28,0xc0,0xb9,0x1b,0xf2,0x4a,0x2c,0x1c,0x02,0x87,0xf0,
  0x7c,0x4a,0x41,0x32,0xe6,0x28,0x18,0x04,0x27,0x1e,0x7f,0xd4,0xfa,0x00,0x44,0x4e,0x8d,0x28,0x31,0x39,
  0x33,0xb4,0xf3,0x1f,0xfc,0xfe,0x0f,0x39,0xff,0x14,0xd1,0x0d,0xa3,0x44,0xf1,0x08,0x3f,0xf1,0x17,0x3e,
  0xce,0xdd,0x62,0xf9,0xca,0xbe,0x30,0x2c,0x1f,0x36,0x00,0xe2,0x42,0x1e,0x03,0xea,0xaf,0xed,0xdc,0x81,
  0x27,0xe2,0x19,0x1a,0xa3,0x9c,0x03,0x44,0xe3,0x30,0xaa,0xbe,0x50,0x3e,0x4b,0x00,0x10,0xfb,0x06,0x5c,
  0xd4,0xa6,0x7f,0x1e,0xdc,0x0d,0xfc,0x46,0xc5,0x31,0x66,0xc8,0xbc,0xb2,0x27,0x04,0xee,0xfd,0x66,0x63,
  0x3f,0x5d,0xae,0xf8,0xa8,0xb2,0xcf,0x2a,0xc2,0x06,0x0e,0xe8,0xfa,0x21,0x0e,0xd1,0x07,0x15,0x71,0x0a,
  0x1f,0x18,0xd5,0x0f,0x94,0x46,0x34,0xca,0x06,0x30,0xea,0xb0,0xdb,0xca,0xd5,0xad,0xff,0x00,0x27,0xad,
  0xef,0x43,0xe3,0xfe,0x23,0xd3,0xd7,0x39,0x3f,0xe5,0xd3,0x29,0x01,0x17,0xef,0x55,0x07,0xb3,0xe6,0x1e,
  0xc9,0xfc,0x20,0x18,0x58,0xfc,0xff,0x0b,0x3f,0xf1,0xf0,0xd3,0xec,0x2b,0x0a,0xee,0xfe,0xe1,0x22,0x7f,
  0xdb,0x25,0xff,0xe2,0xbf,0xff,0x1e,0x12,0x06,0x17,0xbe,0xf9,0xf8,0x4c,0xd7,0xef,0x06,0x03,0x09,0x00,
  0xc1,0x9f,0x27,0x1b,0x1e,0x29,0xf7,0x17,0x2e,0x4a,0xd6,0x66,0xe2,0x0e,0x34,0xf5,0xe3,0xff,0xc2,0xcf,
  0xcf,0x16,0xc2,0x2e,0x07,0xfc,0x12,0x6b,0xe8,0x00,0x64,0x38,0xe3,0xe2,0xf6,0x1d,0xe2,0xe2,0xfe,0x7f,
  0x0f,0xa6,0x3c,0xfc,0x21,0x51,0x2f,0x26,0xc4,0xc6,0xfc,0xf4,0x2f,0x25,0x22,0x0e,0x40,0x18,0xca,0x31,
  0xe6,0x00,0xfa,0xea,0x05,0xa7,0x33,0x7f,0xb8,0x25,0x13,0xad,0xe0,0x74,0x21,0x32,0xbf,0x2a,0x07,0xc4,
  0xe7,0xbc,0x21,0x18,0xfb,0x1e,0xdc,0x49,0xfa,0xea,0x22,0x0f,0xd7,0x6b,0xe7,0xe8,0x1d,0x79,0x0f,0xd7,
  0xdf,0x6e,0x81,0xd7,0xa4,0xee,0x26,0x19,0x1d,0x84,0x3a,0xe3,0x24,0xf3,0x3a,0x6b,0xfc,0x2d,0x7c,0x10,
  0xde,0xe3,0xb4,0x00,0x11,0x14,0x3b,0xf0,0x08,0x36,0xdf,0x37,0x62,0x3a,0xfa,0x71,0x42,0xf9,0x3b,0x20,
  0xfe,0x1b,0x7f,0x56,0xd9,0xa0,0xfa,0xd3,0x1c,0x74,0xff,0x6e,0xf1,0x1a,0xb8,0xe0,0x1b,0xd5,0x38,0x16,
  0x1c,0xd4,0x51,0x36,0x12,0x48,0xa9,0xcc,0x70,0x96,0x74,0x0c,0x0c,0x9d,0x9f,0xf7,0xd3,0xd3,0xca,0x13,
  0xd0,0xc5,0xb4,0x2e,0xcd,0x00,0x06,0x78,0xf2,0xe4,0xff,0xff,0x04,0x00,0x00,0x00,0x00,0x01,0x00,0x00,
  0x39,0xfd,0xff,0xff,0x1f,0x00,0x00,0x00,0x60,0xff,0xff,0xff,0x0d,0xfd,0xff,0xff,0x44,0xfc,0xff,0xff,
  0xa8,0xf3,0xff,0xff,0xdb,0xf9,0xff,0xff,0x15,0xff,0xff,0xff,0xa4,0xfc,0xff,0xff,0x94,0x01,0x00,0x00,
  0xaa,0xfc,0xff,0xff,0xc1,0xfd,0xff,0xff,0x3a,0xfe,0xff,0xff,0x76,0xfd,0xff,0xff,0xb1,0xfd,0xff,0xff,
  0xd4,0xfb,0xff,0xff,0xbc,0xfa,0xff,0xff,0x96,0xfb,0xff,0xff,0x2d,0x01,0x00,0x00,0xa6,0x04,0x00,0x00,
  0x22,0xfa,0xff,0xff,0xe6,0xfc,0xff,0xff,0x8a,0xfa,0xff,0xff,0xe6,0xfd,0xff,0xff,0x71,0xfe,0xff,0xff,
  0x1b,0x00,0x00,0x00,0x04,0x00,0x00,0x00,0x37,0xfd,0xff,0xff,0xc1,0xfe,0xff,0xff,0x44,0xf8,0xff,0xff,
  0x0e,0x00,0x00,0x00,0x38,0xfe,0xff,0xff,0x7b,0xfd,0xff,0xff,0xd4,0xfc,0xff,0xff,0xb6,0xf9,0xff,0xff,
  0xe7,0xfb,0xff,0xff,0xc5,0xfd,0xff,0xff,0x58,0xff,0xff,0xff,0xea,0x00,0x00,0x00,0x79,0xfe,0xff,0xff,
  0xe8,0xfb,0xff,0xff,0x57,0xfe,0xff,0xff,0xd6,0x00,0x00,0x00,0x51,0xfb,0xff,0xff,0x43,0xfd,0xff,0xff,
  0x08,0xf9,0xff,0xff,0x42,0xfe,0xff,0xff,0xa8,0xfc,0xff,0xff,0x81,0xff,0xff,0xff,0x29,0xf7,0xff,0xff,
  0x00,0xfc,0xff,0xff,0xcb,0xfb,0xff,0xff,0x32,0x01,0x00,0x00,0x1d,0xfe,0xff,0xff,0x2c,0x04,0x00,0x00,
  0xea,0x01,0x00,0x00,0x1e,0xfa,0xff,0xff,0xf0,0xfe,0xff,0xff,0x5d,0xff,0xff,0xff,0x15,0xf7,0xff,0xff,
  0x87,0xfb,0xff,0xff,0x58,0xff,0xff,0xff,0xd8,0xfa,0xff,0xff,0x0f,0xfb,0xff,0xff,0xfe,0xe5,0xff,0xff,
  0x04,0x00,0x00,0x00,0x00,0x0c,0x00,0x00,0x90,0x28,0xc1,0xcb,0x37,0xfe,0x54,0x04,0xb4,0xb1,0xd6,0x22,
  0x37,0x0c,0x9a,0x24,0x07,0x52,0x98,0xce,0x78,0xf8,0x18,0xfe,0x81,0x18,0x04,0xa7,0x9e,0x4d,0xb8,0xe0,
  0x26,0xb0,0x2e,0x06,0x87,0x2a,0xa6,0x07,0xb1,0x23,0xf4,0xe5,0xdd,0xf3,0x19,0xd0,0xbf,0xb3,0xee,0x99,
  0x09,0xaf,0x11,0x10,0xbb,0xde,0xea,0x0e,0xa8,0xa2,0x0c,0xb8,0xe9,0x15,0xda,0x1d,0x01,0xc5,0xae,0x0e,
  0x20,0xd7,0xf9,0x29,0x23,0xf0,0xd6,0xd5,0xee,0x09,0xf5,0x0e,0xba,0xdc,0xd9,0xe3,0xd7,0x0f,0xd6,0xff,
  0xf1,0x0b,0x16,0xcb,0xdc,0x11,0xfb,0xd0,0x02,0x81,0x40,0x25,0xf4,0xd4,0x25,0xd5,0x17,0xde,0x11,0x0f,
  0xeb,0xe3,0x2e,0xe0,0xdb,0xf3,0xfc,0xd3,0xcb,0xf7,0xc6,0xe8,0xce,0xfc,0x17,0xd3,0xf0,0x18,0x0b,0xfc,
  0x09,0x34,0x40,0x1c,0x17,0xc3,0x2b,0x24,0x45,0x22,0x03,0xfa,0xf3,0xef,0x2e,0xed,0xf6,0xe9,0x0b,0x2b,
  0x26,0x17,0xe3,0xbd,0x21,0xc3,0xdc,0x4a,0x2d,0x1f,0xe9,0x1e,0xfe,0x16,0x19,0x14,0xb8,0x0f,0x0c,0x0b,
  0xc4,0xe0,0x13,0xfe,0xaf,0x3f,0x1c,0x39,0xf0,0x7f,0xf4,0xeb,0xe6,0xdc,0xbb,0x2d,0x29,0x11,0x12,0x00,
  0xd9,0x11,0x26,0xef,0x15,0x2b,0xeb,0x35,0x1b,0x2b,0xec,0xc9,0x1d,0x18,0xc9,0xfd,0x50,0xe0,0xbc,0xed,
  0x47,0x11,0xb5,0x12,0x46,0x02,0xf7,0xee,0x05,0x41,0x13,0x45,0x15,0x01,0xff,0x40,0xdd,0x10,0xe2,0xd8,
  0x1a,0x2e,0x06,0x39,0xcf,0xeb,0xff,0x7f,0xfa,0x21,0x4e,0x88,0xe1,0xf5,0x06,0x15,0xc4,0xde,0x04,0x10,
  0xc3,0xbd,0xef,0x6c,0x19,0xfd,0x9c,0xf9,0xe9,0x86,0x13,0x0b,0x5c,0xf5,0x21,0x0d,0x39,0xe5,0x4c,0xe8,
  0xa7,0x22,0x2b,0x09,0x0b,0xeb,0x64,0x27,0xa5,0xd9,0x26,0x0a,0xec,0x9d,0x23,0x81,0x0a,0xfc,0xf8,0x11,
  0x0d,0xe5,0x16,0xdc,0x10,0xe9,0xd1,0x37,0xfb,0x12,0xf7,0xa4,0xc4,0xb4,0xc1,0x1e,0xcf,0xf4,0xd5,0xd8,
  0xb9,0xfe,0xfb,0x02,0xd5,0x1b,0xfb,0x1b,0x38,0x10,0x24,0x24,0xd3,0x04,0xe8,0xdd,0xe5,0xe6,0xbd,0xb2,
  0x2d,0xd1,0x0d,0xf1,0xd0,0xf9,0x06,0x02,0xfb,0x02,0xbe,0xce,0x6d,0xda,0x39,0xd1,0x1d,0xd9,0x2c,0x9b,
  0xcc,0x25,0xf0,0xd7,0xf2,0xd0,0xa8,0xbb,0xa7,0x49,0x30,0x15,0xee,0xef,0xb5,0x83,0x5f,0x07,0x4c,0x43,
  0xfd,0x11,0x91,0xe6,0xd9,0xc3,0x1a,0x1c,0x15,0xd9,0xd3,0x7f,0x37,0xcd,0xd3,0xf9,0x20,0xf4,0xe9,0xbc,
  0xf1,0xbb,0x2d,0xe6,0xdd,0x04,0x20,0x18,0xeb,0x08,0x0d,0x2b,0x2e,0x10,0xd1,0xfa,0x03,0xf1,0x16,0x0c,
  0xe1,0x41,0x81,0xce,0x18,0x1a,0x0b,0x4e,0xb7,0xe3,0xe5,0x0d,0x35,0xa7,0x1c,0xf7,0xa4,0x4c,0x0b,0x84,
  0x3b,0xe9,0xa4,0x2b,0xe8,0xcc,0xf7,0xf2,0xcf,0x00,0x6b,0xde,0x02,0xd6,0xe4,0xfe,0xe4,0x49,0xf6,0xca,
  0x01,0x5a,0xbc,0xe4,0x3e,0x0e,0xf1,0xcd,0xe4,0xf2,0xce,0x56,0x21,0xec,0xe6,0xfa,0x15,0xf9,0x01,0xe7,
  0xe2,0xcb,0x1c,0x25,0x1b,0x66,0x1d,0xdc,0x2f,0xdd,0xd6,0x42,0x3f,0x57,0xde,0xf5,0x70,0x49,0xce,0x16,
  0x0a,0x02,0x35,0xca,0x11,0xb2,0xef,0x1c,0x39,0xdb,0x1c,0x1c,0x14,0x0b,0x7f,0xea,0x44,0xef,0xef,0xd6,
  0xbd,0x36,0xe2,0xf4,0xf2,0xb8,0xad,0x03,0x28,0x13,0xdb,0x0e,0xe8,0xf0,0xe6,0xc2,0xcb,0x81,0xf8,0x00,
  0xb5,0xcf,0xda,0xbd,0xec,0xec,0xf4,0x00,0x1c,0x97,0x4f,0xaa,0x0c,0xdc,0x1f,0x9c,0xd5,0xc3,0xf7,0xec,
  0xa1,0xd4,0xa0,0x35,0x23,0xd4,0xca,0xeb,0x0f,0xc7,0x71,0x32,0xe9,0xc1,0xe5,0xf7,0xb5,0xc1,0x18,0xe2,
  0x12,0xe1,0x17,0x38,0x2e,0x23,0x9c,0x10,0xd1,0x91,0xd9,0xf4,0x4c,0x04,0xef,0xea,0x18,0xda,0x24,0x03,
  0x9e,0xc8,0x06,0x16,0x10,0xf3,0x27,0xd0,0x30,0xe1,0x30,0x1f,0xe0,0x02,0x33,0xb3,0xef,0xe9,0xfe,0x24,
  0xee,0x46,0x1b,0x1a,0x81,0xf0,0x0a,0x2b,0x29,0xd4,0xdd,0xfe,0x1d,0xfa,0x0b,0x05,0x10,0x2e,0xf7,0xfe,
  0x31,0x28,0x96,0xee,0x0a,0x31,0xcc,0x1e,0x3f,0x28,0xd1,0xe9,0xd5,0xde,0xba,0x09,0x33,0x17,0xd9,0xf5,
  0xe7,0xdc,0x21,0xe6,0x9c,0xd1,0x33,0x34,0x32,0xde,0x08,0xbb,0x25,0x12,0xeb,0xd4,0x20,0xe2,0x34,0x5c,
  0xf1,0xd6,0xa7,0xa5,0x14,0x81,0x25,0xef,0x24,0x2a,0x10,0x43,0x27,0x08,0xbc,0x5b,0x10,0xf5,0xc0,0x0c,
  0xeb,0x39,0x1e,0xc4,0x14,0xba,0xcd,0x21,0xfc,0xf7,0x2c,0xcb,0xa2,0x10,0xc8,0x34,0x0d,0xe9,0x5d,0x22,
  0xf1,0x04,0x58,0x40,0x50,0x2f,0x44,0x27,0x7f,0x62,0x49,0xb6,0x98,0x0b,0xd1,0x44,0x1a,0xfc,0x1d,0x14,
  0x32,0x54,0x31,0x4c,0x45,0xf2,0x17,0x83,0x06,0xa4,0x67,0xc3,0xd7,0xf0,0x3b,0xa7,0xcc,0xdd,0x5a,0x12,
  0x46,0x4c,0x3e,0x40,0x1a,0x2d,0xe2,0x20,0x21,0xe8,0x2d,0xe0,0xca,0x3a,0x17,0x2e,0x08,0xcd,0x0f,0x14,
  0x22,0x8d,0x0e,0x02,0xf4,0x10,0xeb,0x05,0x26,0x01,0xc1,0xf5,0x29,0x27,0x24,0xff,0x11,0x02,0xc9,0xe2,
  0xab,0xf5,0xdd,0xbe,0xe8,0x04,0xde,0x08,0x0c,0xd0,0x0d,0xf4,0xee,0xd8,0x05,0x1f,0xf7,0x2a,0x1d,0x41,
  0x26,0xfb,0xcf,0x18,0x81,0x16,0x2c,0x09,0x04,0x04,0x1b,0xe6,0xf9,0x22,0xb0,0xfb,0xce,0x0e,0x29,0xef,
  0x2c,0x09,0x1c,0xf0,0xee,0x25,0x1e,0x21,0x3b,0xf1,0x2e,0x13,0x2b,0x0f,0x00,0xce,0xcf,0x1b,0xe8,0xfa,
  0xf4,0x0e,0x2e,0xeb,0x7e,0xbb,0xea,0x0e,0xff,0x17,0xf5,0x07,0xf9,0xd5,0xb2,0x40,0x0f,0x27,0xb3,0xde,
  0x33,0xf3,0xf9,0xdf,0x22,0xe9,0x1c,0x27,0x7f,0xfb,0xf5,0x34,0x0a,0xde,0x2b,0x00,0x30,0x07,0x6d,0x03,
  0x1c,0x1e,0x09,0x35,0xf3,0x21,0x1b,0x14,0xe8,0x52,0xcc,0x10,0x1d,0x22,0x18,0xd8,0xcc,0xfc,0xe6,0xda,
  0x0a,0xcb,0x05,0x00,0xff,0x02,0x0a,0xf5,0xf0,0xf5,0xdc,0x47,0xff,0x43,0xbc,0x1a,0x0a,0x14,0x23,0x22,
  0xdb,0x7f,0xd8,0xf8,0xff,0x1d,0xd3,0x03,0x22,0xe2,0x10,0x2d,0xd5,0xd3,0xf5,0xf5,0x00,0xff,0x18,0x22,
  0x25,0xe3,0x59,0xee,0x0d,0xdd,0x04,0x2a,0x06,0x31,0x23,0x03,0xf7,0x51,0x3d,0x24,0xf0,0x23,0xfb,0x0d,
  0x42,0x13,0x0a,0x0a,0xff,0xb8,0x1f,0x07,0x05,0x13,0x0e,0xec,0x73,0xde,0x34,0x29,0x30,0x19,0x55,0x27,
  0xcf,0x09,0x07,0x3e,0xfc,0x7f,0x03,0xed,0x08,0x4e,0x2d,0x51,0x2d,0xf6,0x0a,0x35,0x15,0xfc,0x15,0x46,
  0x10,0x21,0x14,0xf5,0x7a,0x0d,0x21,0xc2,0x32,0x21,0xcd,0x54,0x24,0x13,0x15,0xf9,0x10,0x6f,0xca,0xe4,
  0x51,0xdd,0x1b,0xf0,0xd5,0x17,0x1c,0x4a,0xe6,0x3a,0xc1,0x18,0x7f,0xe9,0xc8,0xf5,0xd7,0xeb,0x17,0xed,
  0x37,0x4e,0xf9,0xc6,0x2b,0xd7,0x34,0xde,0xe8,0x02,0x26,0xfc,0x5f,0xfe,0x0f,0xc7,0xe5,0x28,0x1a,0x2b,
  0x23,0x0c,0x20,0x39,0xef,0xd4,0xe5,0xdd,0x28,0x42,0x44,0xd1,0xed,0xe5,0xfd,0xc4,0x4e,0xec,0xe9,0x02,
  0x0b,0x1b,0xf5,0xcb,0xde,0x1b,0x06,0xec,0x24,0xde,0x18,0x44,0x1a,0x54,0xf5,0xe0,0x7f,0x3b,0x19,0xf6,
  0x00,0x15,0x0d,0x38,0xcc,0x0e,0xc3,0x14,0xea,0x17,0x04,0xef,0xec,0x9b,0x21,0xd6,0x0c,0xff,0x09,0x02,
  0xc6,0x4d,0xe9,0xf9,0xcc,0xd5,0x04,0x29,0xee,0xbf,0xe7,0x05,0x07,0x40,0xee,0xce,0xaf,0x04,0x01,0xa6,
  0x10,0x26,0x4a,0xc7,0x34,0x0c,0xc8,0x1f,0xd8,0xdf,0x36,0xfb,0xe3,0x23,0x0d,0x34,0xce,0x10,0x31,0xc5,
  0x1f,0x24,0xda,0x25,0x5e,0x40,0xf9,0x13,0x33,0xff,0x2f,0x71,0xf8,0xfd,0x98,0xd0,0x19,0x7f,0x35,0xfc,
  0x3d,0x01,0x3d,0xc6,0x25,0x00,0x9e,0x39,0x1a,0x74,0xcb,0x8c,0xf8,0xfc,0x4f,0x39,0x65,0x17,0x4b,0xfe,
  0xd0,0x4a,0xf7,0xf3,0xa8,0x06,0x44,0x1b,0xed,0x42,0x3f,0xe9,0xdd,0xfb,0x2f,0x43,0xde,0x26,0x14,0x05,
  0x1d,0x22,0x32,0x34,0xd6,0x47,0x9b,0x29,0x00,0x37,0xd3,0xf8,0x18,0x5c,0x66,0x6e,0xeb,0x26,0x25,0xf9,
  0x0c,0x3c,0xfa,0xec,0x34,0x31,0xf8,0x0e,0x12,0xc9,0x41,0x75,0xe7,0x7f,0x0f,0x34,0xf4,0x5d,0x3c,0xfb,
  0x65,0x27,0x1d,0xe1,0xdf,0x29,0x32,0xf4,0xe5,0xae,0xd4,0x16,0x15,0x38,0x3e,0xa1,0xd0,0xf5,0x1d,0xff,
  0x43,0xdd,0xe2,0x08,0x23,0x2a,0xc6,0x30,0x30,0x16,0xdb,0x21,0x79,0xd0,0x46,0x1e,0xc7,0xa5,0xf1,0x11,
  0xf2,0x2d,0xcc,0x68,0x0c,0x7f,0x2b,0xeb,0x55,0x23,0x6e,0x3d,0xd9,0x03,0x39,0x12,0xd8,0x4f,0xe9,0x4a,
  0x41,0x64,0x22,0xe2,0x4e,0x4c,0x42,0x03,0x3f,0x1e,0x07,0x4e,0x07,0xdc,0xf7,0x04,0x13,0x09,0xc2,0xf0,
  0x33,0x00,0xf3,0xd9,0xbd,0x05,0xd1,0x00,0x5e,0x24,0xb8,0x17,0xef,0x00,0x2c,0x1c,0xd3,0xe3,0x07,0xd6,
  0x25,0xd3,0xa5,0xfe,0x2c,0x12,0xef,0x33,0x95,0xd9,0xa1,0xfe,0xfb,0xba,0x0b,0xa7,0xe0,0x43,0x37,0x81,
  0x0f,0x00,0xe0,0x1f,0x09,0xc6,0xfd,0xfc,0x89,0xf0,0x13,0xd1,0x2a,0xf2,0x2f,0xf6,0x05,0x20,0x1f,0x01,
  0xeb,0x03,0xe9,0xf7,0xd8,0x12,0xf5,0x09,0xd7,0x19,0xb7,0xea,0xef,0x1b,0x07,0xf5,0x81,0xe0,0xd0,0x05,
  0xc4,0xf1,0xde,0xb6,0xf4,0x08,0xe7,0x17,0x09,0xcf,0x00,0xf1,0x0a,0xce,0xef,0x24,0x19,0xf7,0xe3,0xf6,
  0x1d,0xe3,0x2b,0x0d,0xcb,0xfe,0x15,0xbe,0x0f,0x03,0x16,0x10,0xdd,0x0f,0xed,0x1a,0xfe,0x09,0xff,0xd8,
  0xf9,0x00,0xd5,0xf6,0xf1,0xbe,0xdf,0xe7,0xfd,0x13,0xe6,0xd8,0x19,0xf0,0xd1,0xd4,0xf5,0xc2,0xf6,0xe8,
  0x81,0xe4,0x54,0x18,0x3f,0x19,0x02,0xc2,0xfd,0xd5,0xfd,0x1d,0xe8,0xe0,0xe2,0xb4,0x2b,0x39,0xd4,0x0e,
  0xfb,0xeb,0xaf,0x10,0xe1,0xc3,0xd5,0xdf,0x3a,0x08,0xfa,0x09,0xd8,0x04,0x0a,0xe5,0xde,0x11,0xce,0x1e,
  0xee,0xcb,0xf9,0x4e,0xe7,0x00,0xdd,0xf9,0x10,0xae,0xde,0x02,0xeb,0xff,0x0d,0x10,0x10,0xf8,0xea,0xf0,
  0x01,0x0c,0x0e,0x03,0xb3,0xf1,0xc1,0x0e,0xae,0x03,0xc3,0xba,0xdc,0x16,0x00,0xfa,0xe3,0xe5,0xf6,0xcf,
  0x0f,0x81,0x0f,0x13,0xc5,0x10,0xf0,0x37,0x1f,0xf3,0x06,0xef,0xca,0x09,0x02,0xc7,0x04,0x07,0x26,0xec,
  0x1d,0x05,0xe1,0x04,0xc3,0x29,0x13,0xd4,0x29,0xd7,0xc7,0x08,0x0e,0xe8,0x57,0xdd,0x32,0xc6,0xed,0xc8,
  0x89,0x0d,0xe6,0x00,0x16,0xff,0xe0,0x2a,0x67,0x41,0x1d,0xbf,0x5d,0xd5,0x37,0xeb,0xd3,0xbd,0xcf,0xda,
  0x46,0x3e,0x2c,0x44,0xb7,0x94,0x90,0x28,0x08,0x97,0xde,0x81,0x9e,0xda,0x01,0xbc,0xeb,0x23,0xae,0x26,
  0xfb,0xb2,0x12,0xc6,0xb3,0xdd,0x46,0xa0,0x8b,0x29,0xe2,0xbd,0xd8,0xf4,0x1d,0xf1,0x14,0xee,0xfc,0xf3,
  0xc8,0x1f,0x01,0xec,0xfe,0x1d,0xa8,0xee,0xed,0x14,0x03,0xed,0xcd,0xf7,0x81,0xeb,0x87,0x18,0xe1,0xaf,
  0xcb,0x3f,0xed,0x32,0x01,0xbb,0x08,0x25,0xfe,0xc5,0x03,0x25,0xf8,0xee,0x0d,0xfa,0x2a,0x1d,0x10,0x02,
  0xb0,0x15,0x03,0x9b,0x01,0xec,0x29,0x11,0x1a,0xe2,0xdb,0x2d,0xce,0x0e,0x2d,0xbe,0x32,0xf6,0x13,0xec,
  0xfe,0x04,0x4d,0x02,0x81,0x12,0xf8,0xe9,0xd5,0x20,0x05,0x29,0x2d,0xbe,0xf6,0x34,0x3e,0x07,0x1d,0x01,
  0xe8,0xe6,0x27,0x3e,0xc9,0xe6,0xdc,0x14,0xd1,0x1e,0x1e,0x07,0x3b,0xd3,0x0c,0xd9,0x39,0xd9,0x56,0xd4,
  0x09,0x3b,0x17,0x0b,0x09,0xc6,0xe3,0x2f,0x03,0x09,0x26,0xeb,0x1e,0xf0,0x2c,0x0a,0x32,0x1e,0x1d,0xd9,
  0x1c,0x02,0x08,0xfb,0xcc,0xdd,0x1e,0x02,0x05,0xb0,0xa5,0xfd,0xd2,0xf8,0xfe,0x07,0xd2,0xf9,0xd5,0xce,
  0xbb,0xe1,0xea,0x20,0x1a,0xcc,0x09,0xb4,0xce,0xc9,0x1e,0x21,0x30,0xc5,0x0c,0x3c,0x2a,0x12,0xb6,0xf2,
  0xcf,0xb3,0xb7,0xe4,0x25,0xb8,0x35,0x82,0x1f,0xd7,0x27,0x81,0xeb,0xe5,0x2b,0x2e,0xc8,0x05,0xda,0x14,
  0x30,0xf3,0x03,0x37,0xe9,0xcb,0xf4,0x21,0xf9,0x9a,0xfb,0xc3,0x6a,0xc8,0xdf,0xbd,0xe3,0x07,0x04,0xd1,
  0xe0,0xbd,0xdd,0x18,0x16,0x15,0xfa,0xd7,0x1b,0x10,0x1d,0x2e,0x11,0xac,0xff,0x81,0x0f,0xe3,0xe3,0x24,
  0x37,0xaf,0xfa,0x00,0xc7,0xa7,0xe4,0xc6,0xcf,0xed,0xc2,0xaa,0x28,0x8a,0x0e,0xcd,0xd8,0x45,0xb9,0xe5,
  0xc2,0xf3,0xc7,0x17,0xdf,0xf9,0xa5,0xd2,0x33,0xf9,0x2c,0xea,0x2c,0x03,0xc3,0xf3,0x38,0xf6,0xbf,0xb5,
  0xeb,0x29,0xf4,0xee,0xff,0x13,0xab,0xb2,0x81,0x11,0x08,0x10,0xcf,0x1d,0x30,0xbe,0xd0,0x01,0xf9,0xe3,
  0x41,0x26,0xe8,0xd9,0x10,0xe5,0x9f,0x11,0xfb,0xe2,0xc0,0xdb,0xe5,0xe8,0x32,0x12,0xd8,0x16,0x0d,0xbe,
  0x06,0xba,0xe9,0x26,0x12,0x0f,0x65,0xe9,0xd5,0x00,0xfc,0x43,0xfc,0xe1,0xf9,0x0e,0x0f,0x16,0xd4,0xff,
  0xb0,0x62,0xfb,0x43,0x41,0x04,0xb9,0x16,0x29,0x50,0x20,0xd9,0x9a,0x39,0xd8,0x29,0x29,0x1a,0x1b,0xa2,
  0x0d,0x4b,0xbd,0xed,0x1b,0x0b,0x28,0xd4,0x21,0x81,0xee,0x25,0xdd,0xfc,0xfa,0x0d,0xde,0xdf,0xd2,0x41,
  0xcd,0x4d,0xe7,0x35,0x3e,0xfb,0x17,0x2e,0x2f,0xce,0x91,0x1b,0x26,0xde,0x37,0xaf,0xe8,0x2d,0x0f,0xc7,
  0xf4,0x76,0x2f,0x16,0xfd,0xb7,0xb5,0xa4,0xe0,0xef,0xdd,0x1f,0x61,0xc3,0xe1,0xf6,0x43,0xb6,0xfe,0x20,
  0x4e,0xee,0xfb,0xdf,0x06,0x08,0xd0,0x0f,0x21,0xf0,0x25,0x0e,0xd8,0x3c,0xb5,0x1b,0x39,0x2b,0xe2,0xa2,
  0xe4,0xda,0x4a,0x12,0x28,0xf5,0xe8,0x0e,0xed,0x81,0xf4,0xf5,0xa9,0xb7,0x12,0x08,0xfa,0xba,0xed,0xf1,
  0x15,0x26,0xaa,0x18,0x14,0x81,0xf5,0xfa,0x4a,0xe5,0xf1,0xf7,0xfd,0xd4,0x26,0xba,0xae,0xf7,0x02,0xe8,
  0xeb,0x05,0xf4,0x05,0x19,0xfa,0xea,0x25,0xfd,0x02,0x0e,0xe4,0xda,0xf4,0xdb,0xda,0xf7,0xdf,0x25,0xf2,
  0x83,0x12,0xf8,0x24,0x1c,0xde,0xee,0xdc,0x05,0xc4,0x11,0xea,0xef,0xdf,0x0a,0xfe,0x1a,0xfe,0xae,0xf6,
  0x29,0x1c,0xf6,0x1a,0xf4,0x0f,0x21,0xda,0x02,0x10,0x3e,0x28,0xa1,0x38,0x0e,0x3c,0x3d,0x2b,0xe7,0x36,
  0x39,0xe1,0x2e,0x1f,0x24,0x26,0xe5,0x1f,0x10,0xd0,0x17,0xfe,0x2a,0xef,0x02,0xca,0xe3,0x0d,0x2a,0xbd,
  0x08,0x22,0x2a,0xff,0x3a,0x1b,0x03,0x2f,0xd8,0xdd,0x2c,0x7f,0x31,0xf7,0xfc,0x07,0x26,0x2b,0x2c,0xed,
  0x5b,0x3d,0x43,0x24,0x50,0x03,0xcd,0xfb,0x08,0xe3,0xb6,0x2c,0xd7,0xc5,0xf0,0xc1,0x43,0x16,0xe6,0xdd,
  0xed,0xde,0x3a,0x0b,0x0e,0xce,0x17,0xed,0x1e,0xf7,0x40,0xd7,0x09,0x15,0xed,0xdb,0x28,0xbc,0x05,0xae,
  0x03,0x26,0xd4,0x34,0xdd,0x97,0xc1,0xe7,0xe7,0xa8,0x11,0xe7,0x24,0xe6,0xaa,0x81,0xed,0xbe,0xd2,0xe2,
  0xef,0x28,0xb1,0x04,0xb9,0x3e,0xb6,0xe9,0x18,0x1c,0x11,0xb3,0xbe,0xeb,0xe2,0x15,0x30,0x93,0x40,0x0e,
  0x11,0x32,0x1b,0xfe,0x00,0x0c,0xc7,0xf6,0x81,0xf3,0xc7,0x2d,0x19,0xe4,0xcd,0xc6,0xfd,0xf4,0xc6,0xba,
  0xe6,0xb8,0x29,0x9a,0xef,0xb6,0x49,0xd6,0x2d,0xb6,0xb6,0xdf,0x06,0x3c,0xf8,0xe5,0x3c,0xff,0x15,0x59,
  0xc5,0x4e,0xf3,0x28,0x17,0x36,0x27,0xce,0xfd,0x5e,0xc8,0xf2,0xf4,0xd4,0xdc,0xa5,0xe9,0xfe,0x2d,0x03,
  0xf1,0x0f,0x00,0x18,0xb8,0xdc,0x29,0x05,0x10,0xfd,0xfd,0x07,0x03,0x39,0x27,0x12,0x7f,0x1a,0x15,0xf7,
  0x09,0x14,0x31,0x2e,0xe1,0xf1,0xfa,0xcc,0xfb,0x2b,0xe6,0x2a,0xd3,0x98,0xf4,0x11,0x1e,0xfc,0xf0,0xea,
  0xfb,0xff,0xf0,0x31,0x00,0xf1,0xeb,0x10,0xf0,0x2b,0xf5,0xf7,0x06,0xea,0x10,0x02,0x0f,0xfe,0xf8,0xeb,
  0xfd,0xc2,0x2f,0x0a,0xff,0x3f,0x13,0xed,0xe4,0x0f,0xe9,0xfe,0x20,0x0c,0x1d,0xed,0x49,0xf8,0x08,0x39,
  0x7f,0xed,0x2e,0x24,0x57,0x19,0xf5,0x4e,0x0d,0xb1,0x2d,0x1a,0xd3,0x0b,0x0f,0x32,0x07,0x37,0xfe,0xeb,
  0xec,0x31,0x2f,0xd9,0xb9,0x1c,0xaf,0xe5,0x35,0xed,0x04,0x10,0xe7,0x4b,0xe9,0xf1,0x26,0xee,0x32,0xf8,
  0xcb,0xe2,0xf5,0xd4,0x0d,0xf4,0xf6,0x0e,0xf9,0x0c,0x49,0xe5,0xf2,0x44,0xf3,0xd6,0xe8,0xda,0x25,0x0e,
  0x01,0xcf,0xe8,0x3f,0x7f,0x36,0xdd,0xe9,0x1d,0xf9,0xf5,0x00,0x01,0x3f,0x03,0xf3,0xdf,0x0b,0x10,0xfa,
  0x30,0x09,0xeb,0xf0,0x06,0x31,0x1a,0xdd,0xe1,0x29,0x21,0x38,0x44,0x1f,0xd2,0x3a,0xfd,0xc7,0xfb,0x04,
  0xfd,0x53,0xe6,0xfe,0x0b,0xd5,0xe3,0xc4,0xe0,0xe6,0xee,0xf7,0x0a,0x05,0xd7,0xf2,0xdb,0xe7,0x24,0x24,
  0x13,0xf8,0x0b,0xf1,0xcb,0x0f,0xe4,0x01,0x81,0x1f,0x04,0x18,0xde,0xfc,0xe4,0xfc,0xf8,0x09,0x00,0x06,
  0xed,0xea,0xfc,0x16,0x20,0xee,0xfb,0x07,0xd4,0x0c,0x2a,0x37,0x01,0xe4,0xd2,0xef,0x2f,0x14,0x2e,0xff,
  0xef,0x2b,0xf2,0x20,0x0d,0x00,0xfb,0xeb,0x05,0x16,0xf8,0xee,0xcb,0x1a,0xf3,0xd8,0x22,0x49,0x19,0xe0,
  0x21,0xd6,0xc9,0x06,0xe2,0xd9,0xed,0xe0,0x18,0xc7,0xfd,0xd1,0x81,0xf4,0x02,0x26,0xeb,0x0a,0x2d,0x36,
  0xf8,0xe9,0x07,0x5c,0x11,0xef,0x13,0xbb,0xdc,0x3c,0x0b,0x20,0x31,0x3b,0x24,0xd1,0x14,0x09,0x2e,0x41,
  0xfa,0xf2,0x33,0xe5,0xeb,0xe9,0xfd,0xea,0xe2,0xce,0x02,0x06,0x0e,0xe6,0xfd,0x31,0x1c,0xcf,0x35,0xeb,
  0xd8,0x7f,0x67,0xe4,0xae,0x3a,0x50,0xef,0xfb,0x06,0x2c,0x27,0xfe,0xdf,0x13,0x45,0x5f,0xe3,0xed,0xcf,
  0x85,0x0c,0x01,0x43,0x0c,0x42,0xfd,0xf6,0xfc,0xf1,0xe3,0x35,0x09,0xbf,0xf4,0x1f,0x41,0x31,0x4e,0xd2,
  0xd4,0xd7,0xbf,0xf7,0x46,0xe4,0xb7,0x0c,0xd6,0xcd,0x00,0xfe,0xd2,0x34,0xc3,0xdf,0xea,0xda,0xf1,0xc0,
  0xc6,0xf3,0xca,0xf6,0x00,0x5e,0xcf,0x1d,0x91,0x30,0xb2,0x1d,0xd9,0xfe,0x9f,0xca,0x3d,0x04,0x1a,0xeb,
  0x81,0x41,0xa7,0x08,0xdb,0xd3,0xf0,0xf9,0xce,0x29,0xf4,0x65,0xe1,0x13,0xff,0x16,0x17,0x17,0x36,0x19,
  0x02,0x0e,0xca,0xca,0x09,0xbd,0xf7,0x4a,0x06,0x33,0x11,0x30,0x0b,0xf6,0x0c,0x0c,0x0c,0xfb,0xce,0x1d,
  0xdf,0xfb,0x07,0x2b,0x03,0xa4,0xb0,0xe2,0x43,0xe9,0x04,0x9c,0xc9,0xf6,0xd5,0x15,0xa2,0xfc,0xd7,0x49,
  0xeb,0x75,0xf9,0x5d,0xa8,0xa5,0x08,0xd7,0xc2,0x48,0x4c,0x79,0x3a,0x53,0xa5,0x33,0xe2,0x2f,0xd6,0x6f,
  0x41,0x4d,0x7f,0xe9,0x37,0x00,0x11,0xb5,0xa8,0x06,0xaa,0xb1,0x4e,0xe9,0x1d,0xb6,0xf5,0xca,0x29,0xd1,
  0xab,0x66,0x00,0xb8,0xa4,0xb2,0xb8,0xbb,0x39,0xd2,0xe6,0xf7,0x04,0xdb,0x03,0x97,0xec,0xe9,0xef,0xe6,
  0xa5,0xf0,0x0c,0x3a,0x4a,0xe2,0xc7,0x28,0xf9,0xcd,0x1a,0xcd,0xe2,0x04,0x2b,0xcf,0xd3,0x27,0xae,0x81,
  0x0c,0x17,0x13,0x4a,0xed,0x9d,0xe3,0xde,0x5b,0xac,0x12,0xf9,0xa6,0x23,0xf4,0x99,0x1c,0xd0,0x17,0x45,
  0x11,0x0a,0xdc,0xd7,0xd1,0x35,0x37,0xe0,0xf7,0xeb,0x25,0x90,0xdf,0xea,0x29,0x2e,0x0f,0x28,0x0d,0x83,
  0xf3,0xcb,0xe0,0xfa,0xf8,0x17,0xeb,0x39,0x3f,0xb9,0xad,0x1f,0x7f,0xf2,0xca,0xf7,0xc6,0x03,0xe0,0xcb,
  0xaa,0xcc,0xcb,0x03,0x1b,0x03,0xf8,0x5b,0xba,0xbd,0xb2,0x2f,0x72,0xbd,0xb8,0xb0,0xf4,0xd1,0x21,0xdc,
  0xdd,0xfa,0xd1,0xcd,0x03,0xdc,0xc2,0xea,0xaf,0xb4,0x3d,0x00,0xf9,0x24,0x0e,0x22,0x05,0xfe,0x02,0xf2,
  0x09,0x0c,0x01,0x33,0xfd,0xe4,0xf2,0xf6,0xf9,0x1d,0xfd,0x45,0x36,0x11,0xdc,0xd8,0x7f,0xe2,0x18,0xe5,
  0xea,0x1d,0x3a,0xfe,0xef,0x18,0x2c,0x6d,0xde,0xe8,0xff,0xcb,0x34,0x3c,0x22,0xfd,0xb7,0x6c,0x13,0x37,
  0xec,0x17,0xe6,0xf8,0xe2,0x20,0x29,0x10,0x2d,0x51,0x1c,0x09,0x10,0xf7,0xae,0xff,0x3c,0x0f,0x0c,0xe5,
  0x0a,0xf2,0xff,0xff,0x04,0x00,0x00,0x00,0xc0,0x00,0x00,0x00,0x4f,0x49,0x00,0x00,0xa9,0x28,0x00,0x00,
  0xae,0xe6,0xff,0xff,0xc9,0xfe,0xff,0xff,0xb8,0x1c,0x00,0x00,0xe6,0x29,0x00,0x00,0x29,0x11,0x00,0x00,
  0x28,0xe9,0xff,0xff,0x73,0x46,0x00,0x00,0xe3,0x03,0x00,0x00,0xde,0x13,0x00,0x00,0xa0,0xc8,0xff,0xff,
  0xb0,0x0c,0x00,0x00,0x1b,0xe3,0xff,0xff,0x8d,0xf9,0xff,0xff,0xcd,0xc5,0xff,0xff,0x09,0xec,0xff,0xff,
  0x3f,0x0f,0x00,0x00,0x94,0xd6,0xff,0xff,0x4a,0xc3,0xff,0xff,0xdb,0xc3,0xff,0xff,0xac,0x19,0x00,0x00,
  0xe1,0x19,0x00,0x00,0x94,0x28,0x00,0x00,0xad,0x1f,0x00,0x00,0x8f,0x30,0x00,0x00,0xd9,0x1d,0x00,0x00,
  0x84,0xf6,0xff,0xff,0xa8,0x25,0x00,0x00,0xdb,0x42,0x00,0x00,0x45,0x14,0x00,0x00,0xba,0xfa,0xff,0xff,
  0xda,0x1a,0x00,0x00,0x74,0x16,0x00,0x00,0x79,0xd7,0xff,0xff,0x91,0x2f,0x00,0x00,0x68,0x25,0x00,0x00,
  0x33,0xf9,0xff,0xff,0xea,0xf3,0xff,0xff,0xf9,0xf4,0xff,0xff,0x04,0x0c,0x00,0x00,0x25,0x05,0x00,0x00,
  0x96,0x07,0x00,0x00,0xf7,0x14,0x00,0x00,0x0f,0x0f,0x00,0x00,0x83,0x21,0x00,0x00,0x1e,0x2d,0x00,0x00,
  0x80,0xe8,0xff,0xff,0xd6,0xf2,0xff,0xff,0x04,0x00,0x00,0x00,0x00,0x06,0x00,0x00,0x18,0xd6,0xdd,0x34,
  0xfa,0xeb,0x28,0x1d,0x24,0xb1,0xdb,0xde,0xc2,0x29,0x3d,0x1c,0x11,0xe4,0x0f,0x30,0x0b,0x47,0xed,0x2f,
  0x15,0x02,0x1f,0xd5,0x45,0x27,0xe4,0xb3,0x1d,0x81,0xf5,0xcc,0xb0,0x34,0xf2,0x0e,0xa5,0x40,0xdc,0x0b,
  0x35,0x08,0x53,0xba,0xdd,0x24,0x51,0x31,0x9e,0x82,0x13,0xbb,0xdd,0xe7,0x18,0x3c,0x71,0x88,0x96,0x9f,
  0x4d,0x2c,0x05,0x1f,0xc3,0x23,0xfb,0x81,0x4d,0x20,0x61,0x21,0xeb,0xb0,0xbe,0x78,0x12,0x2b,0xf2,0x30,
  0x67,0xbf,0xd5,0x44,0x29,0xb7,0xbb,0x42,0xf6,0x3a,0x30,0x58,0xa8,0xbb,0x46,0x66,0xda,0xf4,0x07,0x54,
  0x70,0x32,0xf2,0xe9,0xea,0x7e,0x46,0x1a,0x0e,0xdc,0x36,0x22,0xf3,0x12,0xd2,0xdb,0x8e,0xe8,0xae,0x00,
  0x0f,0xf1,0x1b,0xd6,0xf5,0x1c,0xee,0xb1,0xe5,0xf1,0x2d,0x52,0xc9,0x1d,0x15,0x21,0xe2,0x81,0xf7,0x0b,
  0x17,0xee,0xd2,0x0a,0xc9,0xec,0xfb,0x06,0x7f,0x49,0x30,0x96,0xf4,0xcc,0xf8,0x19,0xf6,0x8f,0x25,0x9b,
  0xe1,0x59,0x3a,0x7b,0x36,0xd3,0xde,0xdc,0x18,0x1a,0x3a,0xea,0x53,0x26,0x20,0xd9,0xae,0xab,0xb3,0xda,
  0xa9,0x32,0xac,0x25,0xe2,0x3f,0x55,0x25,0xc1,0x43,0x12,0x9c,0x6c,0x30,0xeb,0x8a,0x2f,0x7f,0xf0,0xc3,
  0xf7,0xbf,0xd2,0x44,0xb1,0xed,0xd7,0x9e,0xce,0xbd,0xb9,0x72,0xc2,0xc8,0x8b,0xdf,0x2c,0x67,0xc7,0xdf,
  0x39,0x1e,0xcc,0x5b,0x13,0x5c,0xd5,0x12,0xf2,0x26,0xbe,0x1d,0x52,0x38,0x01,0x09,0xe0,0xbc,0xbd,0xd8,
  0x0f,0x22,0xad,0x79,0x10,0x58,0xec,0x0c,0xff,0x10,0x5a,0x00,0x34,0xfb,0x06,0x23,0x23,0x8e,0xc0,0x98,
  0x24,0x81,0xcf,0x1b,0xc5,0xa3,0xc0,0xed,0xdc,0x28,0x4b,0x8a,0xeb,0x0d,0xd6,0x26,0x1c,0xd0,0x24,0x0a,
  0xbd,0x3c,0xc6,0x37,0xe2,0x0f,0x3f,0xa0,0x5d,0x41,0x0a,0xc4,0x51,0x7e,0x0d,0xea,0xb5,0x1f,0x10,0x21,
  0x98,0xb0,0xe0,0x05,0xaa,0x81,0xa4,0x1d,0x32,0xb6,0x8f,0xad,0xd9,0xfa,0xb4,0xdd,0x9d,0x55,0x4e,0xd9,
  0x42,0xdd,0xd7,0x3a,0x5e,0xa6,0xb0,0x3d,0xa4,0xec,0x0a,0x65,0x1e,0x02,0x10,0xd1,0x40,0xe5,0xc0,0xa1,
  0x5e,0x0c,0x5d,0x12,0x54,0xd7,0x02,0xcd,0x99,0xf6,0x28,0xed,0x81,0xdf,0x13,0xf9,0x68,0xc2,0x1e,0xc4,
  0xfc,0xe7,0xba,0xea,0xc7,0x53,0x07,0x10,0x45,0xaf,0xf5,0xf7,0x1f,0x07,0xf9,0x1c,0xcf,0xe6,0xdf,0x25,
  0xfc,0x01,0x4f,0x14,0x2f,0x01,0x81,0x4b,0xa7,0x04,0xef,0x34,0xdd,0x6f,0xf1,0x3e,0x4b,0xec,0xe9,0x4e,
  0xeb,0xce,0x5e,0x30,0x36,0xdf,0x15,0xf8,0xfc,0x09,0xd3,0x56,0xea,0x19,0x2f,0x2f,0x5e,0xf0,0x0b,0x24,
  0x57,0xef,0x00,0x57,0xdd,0x9d,0xf4,0x04,0x01,0xe9,0xbd,0xa7,0x63,0x06,0x33,0xdb,0xee,0x32,0x14,0xc2,
  0x3a,0xde,0x81,0xd9,0x3a,0x34,0xd4,0xd9,0x1f,0x08,0xf6,0xf6,0xc3,0x11,0x9a,0x0b,0x0c,0x49,0xe7,0xff,
  0xb4,0x4b,0x0c,0x68,0x25,0x01,0x24,0x2b,0x37,0x9d,0xdc,0xd4,0xf2,0x35,0x2a,0xb9,0x8f,0x31,0xf8,0x09,
  0x42,0x59,0xcd,0x25,0x34,0x52,0x15,0xc6,0xe3,0x1a,0x2a,0xf6,0xc4,0xe2,0xd0,0x8e,0xaa,0x4e,0xb7,0x27,
  0x2f,0x34,0x81,0xc0,0x40,0xf6,0x0d,0x16,0x0b,0x4a,0xb1,0x6b,0xf7,0xdd,0xd8,0x31,0xd1,0xee,0x05,0xe1,
  0xe7,0x20,0xc3,0xe4,0xab,0xd8,0xee,0xcd,0x05,0x0c,0x3d,0x1e,0xe2,0xc4,0xf5,0x4f,0x3c,0xff,0xcf,0x39,
  0x53,0x0d,0x18,0x0e,0x23,0x15,0xc5,0x1b,0xb5,0x0c,0xd6,0x1f,0xf2,0xb3,0xc4,0xe1,0x07,0x81,0xf3,0x00,
  0xd0,0x42,0x2b,0x41,0x33,0x19,0x18,0xca,0xe1,0xf2,0xdd,0x2d,0x3f,0xab,0xa4,0xb2,0x0c,0x40,0x61,0xfd,
  0x81,0xb7,0xcb,0xe6,0x08,0x3f,0xbf,0xa4,0x54,0xf2,0xa6,0xbf,0x45,0x71,0xba,0xa2,0x08,0x4a,0xa1,0x35,
  0xeb,0x35,0x35,0xf5,0x66,0xd1,0xbc,0x47,0xc5,0x1c,0xf9,0x23,0xc9,0xcb,0x3c,0xe0,0x03,0x30,0x4a,0xa3,
  0x63,0x4e,0xf1,0x14,0x29,0xd6,0x03,0xde,0xea,0x28,0xdd,0xba,0x47,0x85,0xe4,0xe9,0xc1,0x33,0x05,0xd4,
  0x10,0xfa,0xd7,0xa2,0x2a,0x26,0x36,0xce,0x8e,0x44,0x25,0xc8,0x81,0x03,0xac,0xed,0xe8,0x2b,0x16,0xdc,
  0x58,0xec,0x43,0xbb,0xed,0x49,0x06,0x08,0xe6,0x3d,0x12,0x50,0xd6,0xaf,0xce,0x9a,0xdf,0xf2,0xdc,0x47,
  0xcf,0x3d,0xc6,0x2c,0xd4,0x21,0x23,0x08,0x31,0xa1,0xeb,0xed,0x00,0xd5,0x39,0x0b,0xb0,0x81,0xf7,0x61,
  0x85,0xaf,0x36,0xf0,0xe4,0x17,0xe4,0xe8,0x0d,0x21,0x2c,0x3d,0x48,0xf3,0xa6,0x2b,0xae,0xdd,0x2b,0xd5,
  0xe3,0x43,0xd9,0x1f,0xc8,0xde,0xe9,0x0a,0xec,0xf9,0xe3,0x08,0xec,0x26,0x2d,0xd4,0x3e,0x22,0x9a,0x09,
  0x81,0xf1,0xaf,0xeb,0xc4,0x9f,0xf2,0x49,0x16,0x1e,0x21,0x0b,0xff,0x2d,0x1e,0x35,0x13,0xd7,0x32,0xe9,
  0xf1,0xf6,0x33,0xfb,0x02,0x26,0x13,0x19,0xd6,0xec,0x9f,0x3c,0xd8,0xae,0x34,0xc1,0xd5,0x22,0x38,0xe4,
  0x38,0xe3,0xf6,0x11,0xfd,0x9c,0x35,0x93,0xc0,0xcb,0xea,0x32,0x9b,0xbf,0x19,0x24,0x17,0x81,0x00,0xed,
  0xdb,0xf9,0x5c,0xfe,0x12,0x09,0xda,0x20,0xfb,0xff,0xce,0xe3,0xd8,0xdb,0x49,0x0b,0x2f,0x04,0xbe,0xe1,
  0x24,0x6e,0xfb,0x28,0xf3,0xda,0x0d,0x43,0xc3,0xb7,0x00,0x03,0x32,0xac,0xab,0x01,0xb4,0xf5,0x9c,0x26,
  0x41,0x22,0xae,0xdd,0xb4,0x21,0x05,0xf7,0xd1,0xe0,0x20,0xf1,0x22,0x1e,0xdc,0xe3,0x2b,0xfa,0x81,0xf8,
  0xf9,0x53,0xe3,0x3a,0xbd,0xb9,0xd9,0xfe,0x36,0x4d,0x4a,0x25,0x59,0xf5,0xf6,0xed,0xbb,0x0f,0xfb,0xb9,
  0xa1,0xd7,0xd7,0xdb,0x7f,0xd5,0xd7,0xdb,0xb5,0xee,0x1a,0x0b,0x86,0x31,0xc9,0x25,0xec,0x23,0x12,0xe7,
  0x4a,0xdc,0xcc,0x39,0xd7,0xdb,0xf0,0xe0,0xa1,0xcd,0xbb,0x37,0x97,0xcd,0x0a,0x95,0xac,0xcd,0xba,0x17,
  0x32,0x09,0x20,0x75,0x00,0x2d,0x5f,0x69,0xcd,0xf0,0xc3,0xd1,0xae,0x81,0x5f,0xf9,0xac,0xf1,0xad,0x01,
  0xe4,0xde,0xf3,0x9a,0xdd,0x1d,0x0b,0x4e,0x2a,0x2e,0x25,0x53,0x43,0x9c,0x1d,0x0c,0xbc,0x56,0x2a,0xd4,
  0xde,0x31,0x13,0x81,0xf7,0xe8,0x0f,0x3d,0x49,0x3e,0xa3,0x20,0xd2,0xd7,0x10,0x2a,0xc8,0xfc,0xea,0x0b,
  0x39,0x03,0xc6,0x00,0xc2,0x0a,0xc2,0x2c,0x36,0x18,0xdd,0x1e,0x1a,0x28,0xd6,0xe8,0x0e,0xb2,0xc4,0x2b,
  0x08,0xcc,0xff,0x1a,0x4d,0xdb,0x4d,0x10,0x81,0xcf,0xe5,0xc2,0xc7,0x3f,0x34,0x12,0x65,0xbf,0xd9,0x0e,
  0x56,0xd0,0x50,0x30,0x18,0xce,0x2d,0xb9,0x19,0x2e,0xd5,0x3c,0xe8,0xd9,0xbb,0x46,0xb8,0xac,0xff,0xaf,
  0x6c,0x2f,0xe0,0x34,0xd2,0xf0,0x35,0x28,0xf1,0x17,0x2f,0x27,0xb0,0x2b,0xf7,0x84,0xf2,0xd0,0x50,0x9d,
  0xf8,0x48,0xb9,0xfe,0x06,0x0e,0xe9,0x29,0x1f,0x2a,0xdc,0xd0,0x13,0x28,0x26,0x38,0x19,0x32,0xe5,0x08,
  0x9c,0xc5,0x07,0x58,0x0a,0xcc,0xd3,0x12,0x73,0x24,0x0b,0x45,0xd2,0xac,0x55,0xd0,0x13,0x7f,0x1a,0xe1,
  0xd3,0xb9,0x4b,0xf5,0x52,0xf5,0x39,0x48,0x18,0xf6,0xef,0x23,0xcc,0xb1,0x18,0x28,0xcb,0x41,0x24,0x48,
  0x52,0x2c,0xe3,0xdb,0x03,0x37,0x81,0x51,0xd5,0x0d,0x00,0x3e,0xef,0xd6,0x2b,0x5e,0xcd,0xde,0x5d,0x40,
  0x11,0x3a,0x44,0x2e,0x56,0x3b,0x02,0x0f,0xb2,0xa0,0xc6,0x49,0xfd,0x3e,0xac,0x14,0x34,0x34,0x0f,0xdd,
  0xe8,0x6b,0xd9,0x20,0xe3,0x0a,0x3c,0xd9,0xfd,0x81,0xf4,0x11,0x07,0x06,0xff,0x04,0xd5,0xe0,0x25,0xf2,
  0x16,0x34,0x2f,0x2c,0x3c,0x28,0x2d,0x25,0x4f,0x0a,0x34,0xdc,0xaf,0xef,0xa7,0x35,0x3c,0x06,0xad,0xfe,
  0x30,0x14,0x1c,0xd6,0xa1,0x1a,0x26,0x02,0xc1,0x58,0x12,0xab,0xf9,0x1b,0xc2,0x0d,0xd9,0x79,0x93,0x05,
  0x05,0x3e,0xc3,0x59,0xa2,0x35,0xe1,0xa5,0xaa,0x51,0x1c,0x5f,0x59,0x18,0x48,0x0f,0xec,0xb4,0xe4,0xea,
  0x63,0x7f,0xdb,0xd6,0x15,0x5a,0x11,0xd4,0xdb,0xdd,0x0f,0x85,0x76,0x65,0xf8,0xf1,0x7f,0xc4,0xd4,0xeb,
  0x19,0xf5,0x1c,0x2f,0xdd,0xa1,0x29,0x12,0x6f,0xe2,0x44,0xfa,0xdf,0xc6,0xfb,0x4a,0xcb,0x61,0xd7,0xbe,
  0x08,0xbb,0xb1,0x10,0xd8,0xc4,0x32,0x25,0xc1,0x03,0xb3,0xf3,0x38,0xfd,0x55,0x2c,0xc9,0x34,0x06,0x66,
  0xbc,0x94,0xc2,0x1f,0xa8,0x3d,0x09,0x0f,0xeb,0xaf,0x34,0xfc,0x1c,0xf2,0xf9,0x27,0xac,0x24,0xbe,0x03,
  0x48,0xba,0x09,0xe8,0x5e,0x11,0x17,0x81,0x14,0xb8,0x2c,0xdc,0xd9,0x14,0xee,0x43,0xd0,0x2c,0x31,0x03,
  0x93,0x1e,0x14,0xfe,0x15,0x14,0x91,0x45,0x02,0x50,0x41,0x16,0xab,0x6c,0xda,0x2b,0x30,0x0a,0xc2,0xd7,
  0x3e,0x98,0x13,0x52,0xed,0xa5,0x9e,0x18,0xe4,0x4f,0x12,0xd8,0xbf,0x6b,0x21,0x29,0x15,0xde,0x34,0xe2,
  0x17,0x2d,0xd8,0xe3,0x01,0xad,0x81,0x34,0x17,0x2a,0x26,0x56,0xd9,0xdb,0xfe,0x26,0x00,0x81,0xd0,0x45,
  0x00,0x86,0x0e,0xd2,0x3a,0xb2,0xfc,0x4c,0xfc,0xfe,0x44,0x4b,0x25,0xde,0xfc,0xea,0xd0,0xed,0x0b,0x22,
  0xe6,0xbf,0x3e,0xfa,0x15,0x20,0xc6,0xe7,0x46,0x18,0x03,0xd9,0x44,0xb4,0x19,0x1d,0x5d,0xf7,0x1b,0x3b,
  0xf8,0x10,0xcd,0x2a,0x7f,0x32,0xa8,0xcd,0x9a,0xdd,0x0b,0xa6,0xbd,0xed,0x18,0xab,0x96,0x10,0x4d,0x31,
  0xab,0x47,0x3a,0xbf,0x1b,0x09,0x10,0x86,0x32,0x58,0xab,0x73,0xb3,0xd5,0xea,0x81,0xc3,0x3f,0xcb,0xaf,
  0xcb,0x08,0x11,0xb9,0x88,0x95,0x58,0x20,0x64,0xcf,0x26,0x7f,0x2d,0xd3,0x2b,0x21,0x89,0x49,0x16,0xe7,
  0xd9,0xd9,0x3e,0x38,0xda,0xf9,0x95,0xcc,0xc2,0x29,0xe9,0x4a,0xcb,0x4e,0xf2,0xdf,0xb2,0xe6,0xe6,0x05,
  0xa9,0xbb,0x29,0x4c,0x01,0xa9,0xc7,0xb3,0x30,0xd0,0xac,0x07,0xe2,0xf8,0xff,0xff,0x04,0x00,0x00,0x00,
  0x80,0x00,0x00,0x00,0x6c,0xfc,0xff,0xff,0xd4,0xf6,0xff,0xff,0xf7,0x19,0x00,0x00,0x57,0xfe,0xff,0xff,
  0xf7,0x09,0x00,0x00,0xcf,0x2b,0x00,0x00,0x48,0x41,0x00,0x00,0xae,0x1a,0x00,0x00,0xa0,0xe3,0xff,0xff,
  0xad,0x10,0x00,0x00,0x7a,0x0b,0x00,0x00,0x80,0x14,0x00,0x00,0x30,0x10,0x00,0x00,0x4d,0x1f,0x00,0x00,
  0x69,0x2d,0x00,0x00,0x66,0x2b,0x00,0x00,0x2d,0x3b,0x00,0x00,0x65,0x2e,0x00,0x00,0x29,0x2a,0x00,0x00,
  0xb3,0x2f,0x00,0x00,0xd3,0x14,0x00,0x00,0x21,0x0e,0x00,0x00,0x6e,0xf8,0xff,0xff,0xbb,0xd2,0xff,0xff,
  0x11,0x11,0x00,0x00,0x68,0xf8,0xff,0xff,0x1f,0x08,0x00,0x00,0x11,0x10,0x00,0x00,0x4e,0x1a,0x00,0x00,
  0x8d,0xfb,0xff,0xff,0x3b,0x20,0x00,0x00,0xd1,0x30,0x00,0x00,0x6e,0xf9,0xff,0xff,0x04,0x00,0x00,0x00,
  0x00,0x03,0x00,0x00,0x7b,0xfc,0xbd,0x5e,0xbf,0x97,0xb5,0xc9,0xe4,0xf1,0x0e,0x37,0x60,0xca,0xef,0x58,
  0x09,0x81,0x1d,0xae,0xa9,0xe2,0xfd,0xe7,0x9f,0x52,0xf3,0xe1,0x95,0xfe,0x31,0x19,0xea,0x81,0x40,0xa5,
  0x3d,0xeb,0x33,0xb7,0x1f,0x57,0x56,0x26,0x01,0xef,0xef,0x51,0x45,0x4b,0xc9,0x2e,0xc4,0xdd,0x52,0xb8,
  0x0f,0x34,0x00,0x88,0x25,0xc2,0xfd,0x3c,0xca,0x37,0xc1,0xca,0xe9,0xab,0xe3,0x39,0x1e,0xeb,0x81,0xee,
  0x0a,0x3b,0x00,0xf4,0xf3,0xa3,0x0b,0xe7,0xe3,0x2e,0x43,0x34,0xac,0x25,0x03,0xb8,0xb4,0x1e,0xd6,0xdc,
  0x1e,0x07,0xa6,0x25,0x54,0xeb,0xe3,0x24,0xc5,0x67,0x7f,0xa8,0x2c,0x73,0xce,0x1a,0xb6,0xe9,0xf8,0xb5,
  0x1b,0xb9,0xc5,0xcf,0xf9,0x15,0xdd,0x1e,0x1b,0xf0,0xe4,0xf0,0xe9,0xcc,0x0f,0xf2,0x16,0xb0,0x75,0x48,
  0x44,0x39,0x23,0xb5,0xb6,0xb6,0x1e,0x45,0x06,0x58,0xff,0xd2,0x4e,0xd5,0x81,0x8c,0x2b,0x46,0xdd,0xb8,
  0x25,0xae,0x26,0xb3,0x22,0xbc,0xdb,0x51,0xae,0xfc,0xd6,0xbc,0x23,0x58,0xc7,0x0f,0x36,0x49,0x15,0x25,
  0x1d,0x2b,0x8e,0x01,0xd9,0xbb,0x31,0x0e,0x81,0x0c,0x14,0xfe,0xe3,0xbd,0x03,0xb7,0xec,0x19,0x0a,0xb8,
  0xb1,0xf9,0xdf,0xce,0x32,0x26,0xd8,0x12,0xf0,0x0f,0x35,0xd9,0x26,0x0e,0xc2,0xff,0x33,0x30,0x15,0xe0,
  0xda,0x17,0x36,0xd7,0xcd,0xff,0x81,0x31,0xfe,0xe6,0x5d,0x6c,0x33,0x4d,0xc8,0xb4,0x30,0x93,0x1d,0xe6,
  0x3e,0x8b,0x27,0x25,0x7f,0xd6,0xe1,0x32,0xb7,0xc6,0xe8,0xef,0x09,0xdf,0x12,0x02,0xc2,0xae,0x10,0x03,
  0x3a,0x97,0x26,0x06,0x35,0x05,0xf2,0x3e,0x0f,0x2d,0x26,0x82,0x28,0xab,0x8e,0x84,0xeb,0x41,0xdb,0xca,
  0xfa,0x8b,0x81,0xcd,0xb6,0x02,0x25,0x0f,0xde,0xcd,0x72,0x5a,0xaa,0x09,0x39,0xf0,0x34,0x79,0x34,0x02,
  0xc4,0xc8,0xd8,0x52,0x18,0xdd,0xe5,0x4e,0x14,0x6d,0xdc,0xd6,0x2a,0x01,0xfe,0x3a,0xfc,0xeb,0xc0,0xe5,
  0x50,0xd0,0x81,0x1d,0xb1,0x16,0x81,0x0a,0xde,0xdc,0x09,0x55,0xf5,0x25,0x2d,0xa6,0xd5,0x5c,0x04,0x19,
  0xee,0xe9,0x5e,0xfc,0x1f,0x32,0x44,0x16,0xf5,0x0f,0x30,0xbf,0xda,0x0f,0xbb,0xb4,0xfe,0xff,0x08,0xee,
  0xc3,0x44,0xd6,0xd1,0x05,0x7f,0x62,0xf9,0x22,0xf9,0xf1,0x40,0xd9,0x11,0xd3,0xd9,0xed,0x1a,0x40,0x0d,
  0x34,0x56,0xc9,0xbd,0xfa,0xd8,0xc9,0xba,0x16,0xcb,0x50,0x6e,0x2a,0x81,0x16,0x28,0x10,0xf2,0x68,0x8c,
  0x01,0x33,0xa8,0x83,0x25,0x19,0x13,0x2e,0xd1,0xb6,0xcc,0xdf,0xc7,0x90,0xbf,0x20,0x1e,0x07,0x28,0xa2,
  0xfd,0x09,0xba,0x37,0x03,0xed,0xf0,0x34,0x01,0xcd,0x27,0x16,0xaf,0x3e,0x35,0x81,0x39,0xa6,0x0f,0x16,
  0xf9,0xe5,0xd7,0x9b,0xcb,0xdc,0x1a,0x1b,0x10,0x4b,0x3b,0x91,0x18,0xcd,0xfc,0x8a,0x0c,0x01,0x16,0xcd,
  0xc7,0x00,0x4a,0x38,0x02,0x10,0x00,0x36,0x4a,0xfa,0xdd,0x1b,0x13,0xe3,0x28,0x50,0x09,0x05,0xcb,0x39,
  0xe9,0x29,0xb6,0x7f,0xfd,0xcd,0x58,0x22,0xaf,0x29,0xcc,0x82,0x12,0x81,0xb3,0x10,0xbd,0xde,0x1f,0x25,
  0x2e,0xe5,0xb2,0x07,0xb5,0x1f,0xdc,0xec,0x0d,0xde,0x8a,0x1e,0xfc,0x1c,0x30,0x45,0x0b,0x2d,0x15,0xfd,
  0xa8,0xe8,0x20,0xa9,0xd0,0x27,0xc6,0x16,0x28,0xcc,0xe3,0x06,0xf6,0xa8,0x96,0x01,0xba,0x09,0xf9,0x4f,
  0xb1,0xd5,0xc1,0x7f,0xe1,0x87,0xc2,0xb1,0x83,0xc6,0x3a,0xfd,0x65,0xc3,0x1b,0x54,0xd4,0x70,0x46,0xf4,
  0x5f,0x36,0xbb,0xd8,0xa5,0xfb,0x61,0x12,0x08,0x92,0x1a,0x0e,0xd6,0x09,0xf0,0xa1,0x24,0xaa,0x81,0x6e,
  0x17,0x0a,0x72,0xc1,0xf2,0x23,0xcb,0x81,0x98,0x4e,0xae,0x4a,0x78,0x68,0x02,0xc7,0xb7,0xe2,0xad,0xf9,
  0x9d,0x1e,0x10,0x69,0x41,0xf6,0xa6,0xd7,0xaf,0x02,0xe6,0xd5,0x1f,0xec,0x0e,0xfb,0xac,0x32,0xeb,0x33,
  0xfc,0xfb,0x81,0xd6,0x02,0x0b,0x27,0x01,0x2f,0xbd,0xe1,0x19,0x09,0x07,0xd0,0xfd,0x06,0xf1,0x30,0xf0,
  0xe1,0x2f,0x10,0xc6,0xfa,0xbe,0xf8,0x00,0xc3,0x39,0x32,0xed,0x6e,0xb3,0x2c,0x05,0x92,0xd3,0x4f,0x42,
  0x09,0x09,0x17,0x37,0xf1,0x40,0xe7,0x1a,0x35,0x8d,0xbe,0xd6,0xf1,0x04,0x81,0xaa,0xee,0xee,0x07,0xb9,
  0x1c,0xcd,0xf6,0xc1,0xf3,0xdf,0xb9,0x5b,0x50,0xc9,0x21,0x75,0x57,0x5d,0xc0,0x20,0xe1,0x29,0x03,0x61,
  0x17,0x05,0xdb,0x28,0xf0,0xfa,0x81,0x5d,0x03,0xcb,0x2c,0x47,0x0f,0x8a,0xb5,0xae,0x89,0x3f,0x3f,0xe9,
  0x38,0xdc,0xa0,0xfd,0x0b,0xf7,0x81,0x1c,0xcf,0x08,0x3a,0xf9,0xcd,0x24,0xd7,0x28,0xdf,0x0f,0x3b,0xf7,
  0x61,0xb4,0x4f,0x02,0xc3,0x20,0xe3,0xd1,0xf0,0x88,0x96,0x43,0x96,0x81,0x29,0xb5,0xdd,0x5d,0xce,0xc0,
  0x14,0xe8,0x30,0x1c,0x4f,0x8d,0x84,0x52,0x3b,0x00,0x19,0xba,0x7a,0xfc,0xff,0xff,0x04,0x00,0x00,0x00,
  0x60,0x00,0x00,0x00,0x8e,0x37,0x00,0x00,0x79,0x19,0x00,0x00,0xc0,0x3a,0x00,0x00,0x28,0x0f,0x00,0x00,
  0x70,0x07,0x00,0x00,0x5f,0x33,0x00,0x00,0x56,0x27,0x00,0x00,0x92,0x16,0x00,0x00,0x81,0x31,0x00,0x00,
  0xe3,0x05,0x00,0x00,0x55,0x0a,0x00,0x00,0xdf,0x11,0x00,0x00,0x4d,0x20,0x00,0x00,0xea,0x13,0x00,0x00,
  0x85,0x04,0x00,0x00,0xe5,0x3c,0x00,0x00,0xdd,0x51,0x00,0x00,0x2c,0x17,0x00,0x00,0x1f,0x32,0x00,0x00,
  0x7b,0x15,0x00,0x00,0x9b,0x27,0x00,0x00,0xf2,0x0a,0x00,0x00,0x8d,0x36,0x00,0x00,0x4d,0x32,0x00,0x00,
  0xe6,0xfc,0xff,0xff,0x04,0x00,0x00,0x00,0x80,0x01,0x00,0x00,0xd3,0x20,0x54,0x81,0xe2,0xf5,0x5e,0x25,
  0x95,0x0d,0x0c,0x3e,0xe1,0x15,0x08,0x35,0x51,0xb9,0xfa,0x00,0xf8,0x18,0xb5,0x00,0x8b,0xc5,0x02,0xa4,
  0xea,0x89,0x54,0x97,0x16,0x53,0x43,0xa5,0xa5,0x4b,0xdf,0xb1,0xa0,0x44,0xb0,0x59,0x7f,0xe1,0xba,0xcc,
  0x04,0x23,0x4d,0x7a,0x1d,0x95,0x2b,0xf6,0xf9,0x1b,0x49,0xc7,0xd5,0x53,0x18,0xa5,0x06,0x4e,0xc4,0x19,
  0xb7,0x9a,0x81,0xc8,0xf2,0x19,0x81,0x49,0x53,0xd7,0x93,0xcc,0x1f,0x4e,0xfa,0x48,0x21,0xa3,0x20,0xc9,
  0xe2,0x60,0xd0,0xf7,0x29,0xd3,0xe6,0x40,0x8c,0x44,0x81,0xd5,0x4a,0xe0,0xe9,0xd2,0x2b,0x4a,0xdc,0xf9,
  0xd4,0xcc,0xe7,0x3f,0x0c,0xfb,0xc9,0xaa,0x57,0x27,0x91,0x2a,0xf3,0x25,0xb7,0x41,0x36,0x20,0xb9,0xe3,
  0x7f,0xc3,0x26,0xf4,0x64,0x58,0xb7,0x1f,0x27,0xe9,0xd2,0xfe,0xa8,0xa7,0x2b,0x26,0xac,0x70,0x87,0x0c,
  0xe5,0xf4,0xfa,0x9b,0x5c,0xe9,0x21,0xe6,0x37,0xf1,0xd5,0xf4,0x12,0x5e,0xbc,0x81,0xd1,0xe4,0x4c,0xf6,
  0x03,0x45,0xf6,0x09,0xea,0x27,0x05,0xf5,0x11,0x2c,0xfb,0x30,0x81,0xf4,0x53,0xe6,0x08,0xe4,0x21,0xf9,
  0x02,0x35,0x29,0xf0,0x36,0xa9,0x0f,0xcd,0xfd,0xe0,0x00,0xea,0x2a,0xe4,0x1d,0xac,0x20,0x7f,0xd1,0xed,
  0xe2,0xd0,0xe5,0x20,0xf9,0xc7,0x28,0x1c,0x24,0x25,0x5e,0x1d,0xdd,0x29,0x3a,0x98,0xe5,0x3d,0xed,0x0a,
  0xc5,0x81,0x37,0x02,0x21,0x41,0x45,0xd7,0xb2,0x5c,0x1b,0x17,0x7e,0xa6,0x04,0xe9,0xe2,0xfd,0xb5,0x11,
  0x4e,0xc6,0xad,0x21,0x4e,0x13,0x1c,0x14,0x7f,0xb2,0xf3,0x4a,0x19,0xdf,0x48,0x24,0xce,0x0e,0x13,0xd5,
  0xc4,0xff,0x4b,0xd1,0xcd,0xcd,0x03,0xcf,0xf8,0x32,0x0b,0x48,0xeb,0xc8,0xe8,0x7f,0x48,0x52,0xb1,0x28,
  0x7f,0xea,0x51,0x31,0x9c,0x3a,0xea,0xfa,0x03,0xb5,0xfc,0x0e,0xe9,0xdd,0x1b,0xfe,0x3e,0x29,0x14,0x1f,
  0xb9,0xcd,0x4a,0x3f,0xd2,0x3b,0xe7,0x28,0xde,0xce,0xe2,0x3f,0x20,0x10,0xaa,0xbd,0x18,0xd7,0xe0,0x5c,
  0x52,0xb2,0x09,0x25,0x31,0xf7,0xdc,0x7f,0xf6,0x16,0x49,0x0e,0xb8,0x45,0x34,0x81,0xff,0xc1,0x47,0xf3,
  0xa7,0x4a,0xd7,0xb8,0x54,0x0b,0x2e,0x1f,0x23,0xf3,0x06,0xc1,0x0d,0xb8,0x81,0xac,0x04,0x06,0x15,0x3a,
  0x25,0x05,0xdc,0xb0,0x53,0x0e,0x3a,0x10,0x46,0xe9,0xe9,0xf0,0xdf,0xf7,0x0d,0x76,0x72,0xfe,0xff,0xff,
  0x04,0x00,0x00,0x00,0x40,0x00,0x00,0x00,0x68,0x02,0x00,0x00,0xa5,0x44,0x00,0x00,0x77,0x1d,0x00,0x00,
  0x17,0x0a,0x00,0x00,0xac,0x28,0x00,0x00,0x5e,0xfe,0xff,0xff,0x2a,0x1c,0x00,0x00,0xd5,0xed,0xff,0xff,
  0x80,0x18,0x00,0x00,0x65,0xe3,0xff,0xff,0x5c,0xe8,0xff,0xff,0xfe,0x02,0x00,0x00,0xcc,0xe7,0xff,0xff,
  0xf4,0x00,0x00,0x00,0x54,0x00,0x00,0x00,0x31,0x05,0x00,0x00,0xbe,0xfe,0xff,0xff,0x04,0x00,0x00,0x00,
  0x50,0x00,0x00,0x00,0xf7,0x9a,0xbe,0x13,0x87,0xf2,0x31,0x65,0xb1,0x6e,0x0d,0xb5,0x64,0x81,0x63,0x8d,
  0x8c,0xb8,0x83,0xa4,0x81,0x49,0x20,0xaa,0x46,0xb8,0x58,0xd7,0x4b,0x53,0xe4,0x43,0xf7,0x44,0x1b,0xa9,
  0xcf,0xe1,0xbd,0x81,0x4d,0x8c,0xa1,0x2a,0xbe,0xe9,0x6f,0x8d,0x08,0x2d,0x8f,0x61,0x31,0xa0,0x3f,0x4c,
  0xd6,0x30,0xe4,0x41,0xa8,0x7f,0xe6,0x0b,0x81,0x13,0x35,0x5a,0x0f,0x51,0x66,0xfa,0x04,0xf5,0xa2,0x99,
  0xba,0xf3,0xdb,0xbf,0x1a,0xff,0xff,0xff,0x04,0x00,0x00,0x00,0x14,0x00,0x00,0x00,0x46,0x00,0x00,0x00,
  0xcb,0xf9,0xff,0xff,0xaf,0x02,0x00,0x00,0x9c,0x06,0x00,0x00,0xce,0xff,0xff,0xff,0xe8,0xdf,0xff,0xff,
  0xec,0xdf,0xff,0xff,0x0f,0x00,0x00,0x00,0x4d,0x4c,0x49,0x52,0x20,0x43,0x6f,0x6e,0x76,0x65,0x72,0x74,
  0x65,0x64,0x2e,0x00,0x01,0x00,0x00,0x00,0x14,0x00,0x00,0x00,0x00,0x00,0x0e,0x00,0x18,0x00,0x14,0x00,
  0x10,0x00,0x0c,0x00,0x08,0x00,0x04,0x00,0x0e,0x00,0x00,0x00,0x14,0x00,0x00,0x00,0x1c,0x00,0x00,0x00,
  0x30,0x02,0x00,0x00,0x34,0x02,0x00,0x00,0x38,0x02,0x00,0x00,0x04,0x00,0x00,0x00,0x6d,0x61,0x69,0x6e,
  0x00,0x00,0x00,0x00,0x09,0x00,0x00,0x00,0xf8,0x01,0x00,0x00,0xa8,0x01,0x00,0x00,0x5c,0x01,0x00,0x00,
  0x20,0x01,0x00,0x00,0xe4,0x00,0x00,0x00,0xa8,0x00,0x00,0x00,0x70,0x00,0x00,0x00,0x34,0x00,0x00,0x00,
  0x10,0x00,0x00,0x00,0x00,0x00,0x0a,0x00,0x10,0x00,0x0c,0x00,0x08,0x00,0x04,0x00,0x0a,0x00,0x00,0x00,
  0x0c,0x00,0x00,0x00,0x10,0x00,0x00,0x00,0x03,0x00,0x00,0x00,0x01,0x00,0x00,0x00,0x15,0x00,0x00,0x00,
  0x01,0x00,0x00,0x00,0x14,0x00,0x00,0x00,0xb2,0xfe,0xff,0xff,0x1c,0x00,0x00,0x00,0x00,0x00,0x00,0x09,
  0x1c,0x00,0x00,0x00,0x20,0x00,0x00,0x00,0x02,0x00,0x00,0x00,0x00,0x00,0x06,0x00,0x08,0x00,0x04,0x00,
  0x06,0x00,0x00,0x00,0x00,0x00,0x80,0x3f,0x01,0x00,0x00,0x00,0x14,0x00,0x00,0x00,0x01,0x00,0x00,0x00,
  0x13,0x00,0x00,0x00,0xea,0xfe,0xff,0xff,0x14,0x00,0x00,0x00,0x00,0x00,0x00,0x08,0x10,0x00,0x00,0x00,
  0x14,0x00,0x00,0x00,0x01,0x00,0x00,0x00,0xe4,0xe0,0xff,0xff,0x01,0x00,0x00,0x00,0x13,0x00,0x00,0x00,
  0x03,0x00,0x00,0x00,0x12,0x00,0x00,0x00,0x02,0x00,0x00,0x00,0x01,0x00,0x00,0x00,0x1e,0xff,0xff,0xff,
  0x14,0x00,0x00,0x00,0x00,0x00,0x00,0x08,0x14,0x00,0x00,0x00,0x18,0x00,0x00,0x00,0x01,0x00,0x00,0x00,
  0x0e,0xff,0xff,0xff,0x00,0x00,0x00,0x01,0x01,0x00,0x00,0x00,0x12,0x00,0x00,0x00,0x03,0x00,0x00,0x00,
  0x11,0x00,0x00,0x00,0x04,0x00,0x00,0x00,0x03,0x00,0x00,0x00,0x56,0xff,0xff,0xff,0x14,0x00,0x00,0x00,
  0x00,0x00,0x00,0x08,0x14,0x00,0x00,0x00,0x18,0x00,0x00,0x00,0x01,0x00,0x00,0x00,0x46,0xff,0xff,0xff,
  0x00,0x00,0x00,0x01,0x01,0x00,0x00,0x00,0x11,0x00,0x00,0x00,0x03,0x00,0x00,0x00,0x10,0x00,0x00,0x00,
  0x06,0x00,0x00,0x00,0x05,0x00,0x00,0x00,0x8e,0xff,0xff,0xff,0x14,0x00,0x00,0x00,0x00,0x00,0x00,0x08,
  0x14,0x00,0x00,0x00,0x18,0x00,0x00,0x00,0x01,0x00,0x00,0x00,0x7e,0xff,0xff,0xff,0x00,0x00,0x00,0x01,
  0x01,0x00,0x00,0x00,0x10,0x00,0x00,0x00,0x03,0x00,0x00,0x00,0x0f,0x00,0x00,0x00,0x08,0x00,0x00,0x00,
  0x07,0x00,0x00,0x00,0xc6,0xff,0xff,0xff,0x14,0x00,0x00,0x00,0x00,0x00,0x00,0x08,0x14,0x00,0x00,0x00,
  0x18,0x00,0x00,0x00,0x01,0x00,0x00,0x00,0xb6,0xff,0xff,0xff,0x00,0x00,0x00,0x01,0x01,0x00,0x00,0x00,
  0x0f,0x00,0x00,0x00,0x03,0x00,0x00,0x00,0x0e,0x00,0x00,0x00,0x0a,0x00,0x00,0x00,0x09,0x00,0x00,0x00,
  0x00,0x00,0x0e,0x00,0x1a,0x00,0x14,0x00,0x10,0x00,0x0c,0x00,0x0b,0x00,0x04,0x00,0x0e,0x00,0x00,0x00,
  0x1c,0x00,0x00,0x00,0x00,0x00,0x00,0x08,0x1c,0x00,0x00,0x00,0x20,0x00,0x00,0x00,0x01,0x00,0x00,0x00,
  0x00,0x00,0x06,0x00,0x08,0x00,0x07,0x00,0x06,0x00,0x00,0x00,0x00,0x00,0x00,0x01,0x01,0x00,0x00,0x00,
  0x0e,0x00,0x00,0x00,0x03,0x00,0x00,0x00,0x0d,0x00,0x00,0x00,0x0c,0x00,0x00,0x00,0x0b,0x00,0x00,0x00,
  0x00,0x00,0x0a,0x00,0x0c,0x00,0x00,0x00,0x08,0x00,0x04,0x00,0x0a,0x00,0x00,0x00,0x08,0x00,0x00,0x00,
  0x0c,0x00,0x00,0x00,0x01,0x00,0x00,0x00,0x0d,0x00,0x00,0x00,0x01,0x00,0x00,0x00,0x00,0x00,0x00,0x00,
  0x01,0x00,0x00,0x00,0x15,0x00,0x00,0x00,0x01,0x00,0x00,0x00,0x00,0x00,0x00,0x00,0x16,0x00,0x00,0x00,
  0x6c,0x1d,0x00,0x00,0xb8,0x1c,0x00,0x00,0x08,0x1c,0x00,0x00,0xf4,0x1a,0x00,0x00,0xd8,0x19,0x00,0x00,
  0x64,0x18,0x00,0x00,0xe8,0x16,0x00,0x00,0x14,0x15,0x00,0x00,0x38,0x13,0x00,0x00,0xa4,0x10,0x00,0x00,
  0x08,0x0e,0x00,0x00,0xb4,0x0a,0x00,0x00,0x58,0x07,0x00,0x00,0xe4,0x06,0x00,0x00,0x18,0x06,0x00,0x00,
  0xf4,0x04,0x00,0x00,0xd0,0x03,0x00,0x00,0xac,0x02,0x00,0x00,0x88,0x01,0x00,0x00,0xe4,0x00,0x00,0x00,
  0x60,0x00,0x00,0x00,0x04,0x00,0x00,0x00,0x02,0xe3,0xff,0xff,0x00,0x00,0x00,0x01,0x14,0x00,0x00,0x00,
  0x1c,0x00,0x00,0x00,0x1c,0x00,0x00,0x00,0x16,0x00,0x00,0x00,0x34,0x00,0x00,0x00,0x02,0x00,0x00,0x00,
  0xff,0xff,0xff,0xff,0x05,0x00,0x00,0x00,0xec,0xe2,0xff,0xff,0x1b,0x00,0x00,0x00,0x53,0x74,0x61,0x74,
  0x65,0x66,0x75,0x6c,0x50,0x61,0x72,0x74,0x69,0x74,0x69,0x6f,0x6e,0x65,0x64,0x43,0x61,0x6c,0x6c,0x5f,
  0x31,0x3a,0x30,0x00,0x02,0x00,0x00,0x00,0x01,0x00,0x00,0x00,0x05,0x00,0x00,0x00,0xae,0xf9,0xff,0xff,
  0x00,0x00,0x00,0x01,0x18,0x00,0x00,0x00,0x20,0x00,0x00,0x00,0x40,0x00,0x00,0x00,0x15,0x00,0x00,0x00,
  0x00,0x00,0x00,0x09,0x58,0x00,0x00,0x00,0x02,0x00,0x00,0x00,0xff,0xff,0xff,0xff,0x05,0x00,0x00,0x00,
  0x04,0xe4,0xff,0xff,0x08,0x00,0x00,0x00,0x14,0x00,0x00,0x00,0x01,0x00,0x00,0x00,0x80,0xff,0xff,0xff,
  0xff,0xff,0xff,0xff,0x00,0x00,0x00,0x00,0x01,0x00,0x00,0x00,0x00,0x00,0x80,0x3b,0x1c,0x00,0x00,0x00,
  0x53,0x74,0x61,0x74,0x65,0x66,0x75,0x6c,0x50,0x61,0x72,0x74,0x69,0x74,0x69,0x6f,0x6e,0x65,0x64,0x43,
  0x61,0x6c,0x6c,0x5f,0x31,0x3a,0x30,0x31,0x00,0x00,0x00,0x00,0x02,0x00,0x00,0x00,0x01,0x00,0x00,0x00,
  0x05,0x00,0x00,0x00,0x2e,0xfa,0xff,0xff,0x00,0x00,0x00,0x01,0x18,0x00,0x00,0x00,0x20,0x00,0x00,0x00,
  0x40,0x00,0x00,0x00,0x14,0x00,0x00,0x00,0x00,0x00,0x00,0x09,0x78,0x00,0x00,0x00,0x02,0x00,0x00,0x00,
  0xff,0xff,0xff,0xff,0x05,0x00,0x00,0x00,0x84,0xe4,0xff,0xff,0x08,0x00,0x00,0x00,0x14,0x00,0x00,0x00,
  0x01,0x00,0x00,0x00,0x0f,0x00,0x00,0x00,0x00,0x00,0x00,0x00,0x00,0x00,0x00,0x00,0x01,0x00,0x00,0x00,
  0xf4,0x12,0x85,0x3d,0x3c,0x00,0x00,0x00,0x73,0x65,0x71,0x75,0x65,0x6e,0x74,0x69,0x61,0x6c,0x5f,0x31,
  0x2f,0x64,0x65,0x6e,0x73,0x65,0x5f,0x35,0x5f,0x31,0x2f,0x4d,0x61,0x74,0x4d,0x75,0x6c,0x3b,0x73,0x65,
  0x71,0x75,0x65,0x6e,0x74,0x69,0x61,0x6c,0x5f,0x31,0x2f,0x64,0x65,0x6e,0x73,0x65,0x5f,0x35,0x5f,0x31,
  0x2f,0x42,0x69,0x61,0x73,0x41,0x64,0x64,0x00,0x00,0x00,0x00,0x02,0x00,0x00,0x00,0x01,0x00,0x00,0x00,
  0x05,0x00,0x00,0x00,0xce,0xfa,0xff,0xff,0x00,0x00,0x00,0x01,0x18,0x00,0x00,0x00,0x20,0x00,0x00,0x00,
  0x3c,0x00,0x00,0x00,0x13,0x00,0x00,0x00,0x00,0x00,0x00,0x09,0xf8,0x00,0x00,0x00,0x02,0x00,0x00,0x00,
  0xff,0xff,0xff,0xff,0x10,0x00,0x00,0x00,0x24,0xe5,0xff,0xff,0x08,0x00,0x00,0x00,0x10,0x00,0x00,0x00,
  0x01,0x00,0x00,0x00,0x80,0xff,0xff,0xff,0xff,0xff,0xff,0xff,0x01,0x00,0x00,0x00,0x47,0x10,0xf5,0x3c,
  0xc2,0x00,0x00,0x00,0x73,0x65,0x71,0x75,0x65,0x6e,0x74,0x69,0x61,0x6c,0x5f,0x31,0x2f,0x62,0x61,0x74,
  0x63,0x68,0x5f,0x6e,0x6f,0x72,0x6d,0x61,0x6c,0x69,0x7a,0x61,0x74,0x69,0x6f,0x6e,0x5f,0x33,0x5f,0x31,
  0x2f,0x62,0x61,0x74,0x63,0x68,0x6e,0x6f,0x72,0x6d,0x2f,0x6d,0x75,0x6c,0x5f,0x31,0x3b,0x73,0x65,0x71,
  0x75,0x65,0x6e,0x74,0x69,0x61,0x6c,0x5f,0x31,0x2f,0x62,0x61,0x74,0x63,0x68,0x5f,0x6e,0x6f,0x72,0x6d,
  0x61,0x6c,0x69,0x7a,0x61,0x74,0x69,0x6f,0x6e,0x5f,0x33,0x5f,0x31,0x2f,0x62,0x61,0x74,0x63,0x68,0x6e,
  0x6f,0x72,0x6d,0x2f,0x61,0x64,0x64,0x5f,0x31,0x3b,0x73,0x65,0x71,0x75,0x65,0x6e,0x74,0x69,0x61,0x6c,
  0x5f,0x31,0x2f,0x64,0x65,0x6e,0x73,0x65,0x5f,0x34,0x5f,0x31,0x2f,0x4d,0x61,0x74,0x4d,0x75,0x6c,0x3b,
  0x73,0x65,0x71,0x75,0x65,0x6e,0x74,0x69,0x61,0x6c,0x5f,0x31,0x2f,0x64,0x65,0x6e,0x73,0x65,0x5f,0x34,
  0x5f,0x31,0x2f,0x52,0x65,0x6c,0x75,0x3b,0x73,0x65,0x71,0x75,0x65,0x6e,0x74,0x69,0x61,0x6c,0x5f,0x31,
  0x2f,0x64,0x65,0x6e,0x73,0x65,0x5f,0x34,0x5f,0x31,0x2f,0x42,0x69,0x61,0x73,0x41,0x64,0x64,0x00,0x00,
  0x02,0x00,0x00,0x00,0x01,0x00,0x00,0x00,0x10,0x00,0x00,0x00,0xee,0xfb,0xff,0xff,0x00,0x00,0x00,0x01,
  0x18,0x00,0x00,0x00,0x20,0x00,0x00,0x00,0x3c,0x00,0x00,0x00,0x12,0x00,0x00,0x00,0x00,0x00,0x00,0x09,
  0xf8,0x00,0x00,0x00,0x02,0x00,0x00,0x00,0xff,0xff,0xff,0xff,0x18,0x00,0x00,0x00,0x44,0xe6,0xff,0xff,
  0x08,0x00,0x00,0x00,0x10,0x00,0x00,0x00,0x01,0x00,0x00,0x00,0x80,0xff,0xff,0xff,0xff,0xff,0xff,0xff,
  0x01,0x00,0x00,0x00,0x7f,0x15,0x07,0x3d,0xc2,0x00,0x00,0x00,0x73,0x65,0x71,0x75,0x65,0x6e,0x74,0x69,
  0x61,0x6c,0x5f,0x31,0x2f,0x62,0x61,0x74,0x63,0x68,0x5f,0x6e,0x6f,0x72,0x6d,0x61,0x6c,0x69,0x7a,0x61,
  0x74,0x69,0x6f,0x6e,0x5f,0x32,0x5f,0x31,0x2f,0x62,0x61,0x74,0x63,0x68,0x6e,0x6f,0x72,0x6d,0x2f,0x6d,
  0x75,0x6c,0x5f,0x31,0x3b,0x73,0x65,0x71,0x75,0x65,0x6e,0x74,0x69,0x61,0x6c,0x5f,0x31,0x2f,0x62,0x61,
  0x74,0x63,0x68,0x5f,0x6e,0x6f,0x72,0x6d,0x61,0x6c,0x69,0x7a,0x61,0x74,0x69,0x6f,0x6e,0x5f,0x32,0x5f,
  0x31,0x2f,0x62,0x61,0x74,0x63,0x68,0x6e,0x6f,0x72,0x6d,0x2f,0x61,0x64,0x64,0x5f,0x31,0x3b,0x73,0x65,
  0x71,0x75,0x65,0x6e,0x74,0x69,0x61,0x6c,0x5f,0x31,0x2f,0x64,0x65,0x6e,0x73,0x65,0x5f,0x33,0x5f,0x31,
  0x2f,0x4d,0x61,0x74,0x4d,0x75,0x6c,0x3b,0x73,0x65,0x71,0x75,0x65,0x6e,0x74,0x69,0x61,0x6c,0x5f,0x31,
  0x2f,0x64,0x65,0x6e,0x73,0x65,0x5f,0x33,0x5f,0x31,0x2f,0x52,0x65,0x6c,0x75,0x3b,0x73,0x65,0x71,0x75,
  0x65,0x6e,0x74,0x69,0x61,0x6c,0x5f,0x31,0x2f,0x64,0x65,0x6e,0x73,0x65,0x5f,0x33,0x5f,0x31,0x2f,0x42,
  0x69,0x61,0x73,0x41,0x64,0x64,0x00,0x00,0x02,0x00,0x00,0x00,0x01,0x00,0x00,0x00,0x18,0x00,0x00,0x00,
  0x0e,0xfd,0xff,0xff,0x00,0x00,0x00,0x01,0x18,0x00,0x00,0x00,0x20,0x00,0x00,0x00,0x3c,0x00,0x00,0x00,
  0x11,0x00,0x00,0x00,0x00,0x00,0x00,0x09,0xf8,0x00,0x00,0x00,0x02,0x00,0x00,0x00,0xff,0xff,0xff,0xff,
  0x20,0x00,0x00,0x00,0x64,0xe7,0xff,0xff,0x08,0x00,0x00,0x00,0x10,0x00,0x00,0x00,0x01,0x00,0x00,0x00,
  0x80,0xff,0xff,0xff,0xff,0xff,0xff,0xff,0x01,0x00,0x00,0x00,0x26,0xa4,0x2b,0x3d,0xc2,0x00,0x00,0x00,
  0x73,0x65,0x71,0x75,0x65,0x6e,0x74,0x69,0x61,0x6c,0x5f,0x31,0x2f,0x62,0x61,0x74,0x63,0x68,0x5f,0x6e,
  0x6f,0x72,0x6d,0x61,0x6c,0x69,0x7a,0x61,0x74,0x69,0x6f,0x6e,0x5f,0x31,0x5f,0x32,0x2f,0x62,0x61,0x74,
  0x63,0x68,0x6e,0x6f,0x72,0x6d,0x2f,0x6d,0x75,0x6c,0x5f,0x31,0x3b,0x73,0x65,0x71,0x75,0x65,0x6e,0x74,
  0x69,0x61,0x6c,0x5f,0x31,0x2f,0x62,0x61,0x74,0x63,0x68,0x5f,0x6e,0x6f,0x72,0x6d,0x61,0x6c,0x69,0x7a,
  0x61,0x74,0x69,0x6f,0x6e,0x5f,0x31,0x5f,0x32,0x2f,0x62,0x61,0x74,0x63,0x68,0x6e,0x6f,0x72,0x6d,0x2f,
  0x61,0x64,0x64,0x5f,0x31,0x3b,0x73,0x65,0x71,0x75,0x65,0x6e,0x74,0x69,0x61,0x6c,0x5f,0x31,0x2f,0x64,
  0x65,0x6e,0x73,0x65,0x5f,0x32,0x5f,0x31,0x2f,0x4d,0x61,0x74,0x4d,0x75,0x6c,0x3b,0x73,0x65,0x71,0x75,
  0x65,0x6e,0x74,0x69,0x61,0x6c,0x5f,0x31,0x2f,0x64,0x65,0x6e,0x73,0x65,0x5f,0x32,0x5f,0x31,0x2f,0x52,
  0x65,0x6c,0x75,0x3b,0x73,0x65,0x71,0x75,0x65,0x6e,0x74,0x69,0x61,0x6c,0x5f,0x31,0x2f,0x64,0x65,0x6e,
  0x73,0x65,0x5f,0x32,0x5f,0x31,0x2f,0x42,0x69,0x61,0x73,0x41,0x64,0x64,0x00,0x00,0x02,0x00,0x00,0x00,
  0x01,0x00,0x00,0x00,0x20,0x00,0x00,0x00,0x2e,0xfe,0xff,0xff,0x00,0x00,0x00,0x01,0x18,0x00,0x00,0x00,
  0x20,0x00,0x00,0x00,0x40,0x00,0x00,0x00,0x10,0x00,0x00,0x00,0x00,0x00,0x00,0x09,0xf8,0x00,0x00,0x00,
  0x02,0x00,0x00,0x00,0xff,0xff,0xff,0xff,0x30,0x00,0x00,0x00,0x84,0xe8,0xff,0xff,0x08,0x00,0x00,0x00,
  0x14,0x00,0x00,0x00,0x01,0x00,0x00,0x00,0x80,0xff,0xff,0xff,0xff,0xff,0xff,0xff,0x00,0x00,0x00,0x00,
  0x01,0x00,0x00,0x00,0x5c,0x72,0x0a,0x3d,0xbe,0x00,0x00,0x00,0x73,0x65,0x71,0x75,0x65,0x6e,0x74,0x69,
  0x61,0x6c,0x5f,0x31,0x2f,0x62,0x61,0x74,0x63,0x68,0x5f,0x6e,0x6f,0x72,0x6d,0x61,0x6c,0x69,0x7a,0x61,
  0x74,0x69,0x6f,0x6e,0x5f,0x31,0x2f,0x62,0x61,0x74,0x63,0x68,0x6e,0x6f,0x72,0x6d,0x2f,0x6d,0x75,0x6c,
  0x5f,0x31,0x3b,0x73,0x65,0x71,0x75,0x65,0x6e,0x74,0x69,0x61,0x6c,0x5f,0x31,0x2f,0x62,0x61,0x74,0x63,
  0x68,0x5f,0x6e,0x6f,0x72,0x6d,0x61,0x6c,0x69,0x7a,0x61,0x74,0x69,0x6f,0x6e,0x5f,0x31,0x2f,0x62,0x61,
  0x74,0x63,0x68,0x6e,0x6f,0x72,0x6d,0x2f,0x61,0x64,0x64,0x5f,0x31,0x3b,0x73,0x65,0x71,0x75,0x65,0x6e,
  0x74,0x69,0x61,0x6c,0x5f,0x31,0x2f,0x64,0x65,0x6e,0x73,0x65,0x5f,0x31,0x5f,0x32,0x2f,0x4d,0x61,0x74,
  0x4d,0x75,0x6c,0x3b,0x73,0x65,0x71,0x75,0x65,0x6e,0x74,0x69,0x61,0x6c,0x5f,0x31,0x2f,0x64,0x65,0x6e,
  0x73,0x65,0x5f,0x31,0x5f,0x32,0x2f,0x52,0x65,0x6c,0x75,0x3b,0x73,0x65,0x71,0x75,0x65,0x6e,0x74,0x69,
  0x61,0x6c,0x5f,0x31,0x2f,0x64,0x65,0x6e,0x73,0x65,0x5f,0x31,0x5f,0x32,0x2f,0x42,0x69,0x61,0x73,0x41,
  0x64,0x64,0x00,0x00,0x02,0x00,0x00,0x00,0x01,0x00,0x00,0x00,0x30,0x00,0x00,0x00,0x4e,0xff,0xff,0xff,
  0x00,0x00,0x00,0x01,0x18,0x00,0x00,0x00,0x20,0x00,0x00,0x00,0x3c,0x00,0x00,0x00,0x0f,0x00,0x00,0x00,
  0x00,0x00,0x00,0x09,0x88,0x00,0x00,0x00,0x02,0x00,0x00,0x00,0xff,0xff,0xff,0xff,0x40,0x00,0x00,0x00,
  0xa4,0xe9,0xff,0xff,0x08,0x00,0x00,0x00,0x10,0x00,0x00,0x00,0x01,0x00,0x00,0x00,0x80,0xff,0xff,0xff,
  0xff,0xff,0xff,0xff,0x01,0x00,0x00,0x00,0xa9,0x41,0xbb,0x3c,0x52,0x00,0x00,0x00,0x73,0x65,0x71,0x75,
  0x65,0x6e,0x74,0x69,0x61,0x6c,0x5f,0x31,0x2f,0x64,0x65,0x6e,0x73,0x65,0x5f,0x31,0x2f,0x4d,0x61,0x74,
  0x4d,0x75,0x6c,0x3b,0x73,0x65,0x71,0x75,0x65,0x6e,0x74,0x69,0x61,0x6c,0x5f,0x31,0x2f,0x64,0x65,0x6e,
  0x73,0x65,0x5f,0x31,0x2f,0x52,0x65,0x6c,0x75,0x3b,0x73,0x65,0x71,0x75,0x65,0x6e,0x74,0x69,0x61,0x6c,
  0x5f,0x31,0x2f,0x64,0x65,0x6e,0x73,0x65,0x5f,0x31,0x2f,0x42,0x69,0x61,0x73,0x41,0x64,0x64,0x00,0x00,
  0x02,0x00,0x00,0x00,0x01,0x00,0x00,0x00,0x40,0x00,0x00,0x00,0x00,0x00,0x16,0x00,0x20,0x00,0x1c,0x00,
  0x1b,0x00,0x14,0x00,0x10,0x00,0x0c,0x00,0x00,0x00,0x00,0x00,0x08,0x00,0x07,0x00,0x16,0x00,0x00,0x00,
  0x00,0x00,0x00,0x01,0x18,0x00,0x00,0x00,0x20,0x00,0x00,0x00,0x40,0x00,0x00,0x00,0x0e,0x00,0x00,0x00,
  0x00,0x00,0x00,0x09,0x48,0x00,0x00,0x00,0x02,0x00,0x00,0x00,0xff,0xff,0xff,0xff,0x3e,0x00,0x00,0x00,
  0x6c,0xea,0xff,0xff,0x08,0x00,0x00,0x00,0x14,0x00,0x00,0x00,0x01,0x00,0x00,0x00,0xdd,0xff,0xff,0xff,
  0xff,0xff,0xff,0xff,0x00,0x00,0x00,0x00,0x01,0x00,0x00,0x00,0x1a,0x4c,0x52,0x3d,0x0c,0x00,0x00,0x00,
  0x74,0x66,0x6c,0x2e,0x71,0x75,0x61,0x6e,0x74,0x69,0x7a,0x65,0x00,0x00,0x00,0x00,0x02,0x00,0x00,0x00,
  0x01,0x00,0x00,0x00,0x3e,0x00,0x00,0x00,0xe2,0xea,0xff,0xff,0x00,0x00,0x00,0x01,0x14,0x00,0x00,0x00,
  0x28,0x03,0x00,0x00,0x0d,0x00,0x00,0x00,0x00,0x00,0x00,0x09,0x34,0x03,0x00,0x00,0xcc,0xea,0xff,0xff,
  0x08,0x00,0x00,0x00,0x0c,0x02,0x00,0x00,0x40,0x00,0x00,0x00,0x00,0x00,0x00,0x00,0x00,0x00,0x00,0x00,
  0x00,0x00,0x00,0x00,0x00,0x00,0x00,0x00,0x00,0x00,0x00,0x00,0x00,0x00,0x00,0x00,0x00,0x00,0x00,0x00,
  0x00,0x00,0x00,0x00,0x00,0x00,0x00,0x00,0x00,0x00,0x00,0x00,0x00,0x00,0x00,0x00,0x00,0x00,0x00,0x00,
  0x00,0x00,0x00,0x00,0x00,0x00,0x00,0x00,0x00,0x00,0x00,0x00,0x00,0x00,0x00,0x00,0x00,0x00,0x00,0x00,
  0x00,0x00,0x00,0x00,0x00,0x00,0x00,0x00,0x00,0x00,0x00,0x00,0x00,0x00,0x00,0x00,0x00,0x00,0x00,0x00,
  0x00,0x00,0x00,0x00,0x00,0x00,0x00,0x00,0x00,0x00,0x00,0x00,0x00,0x00,0x00,0x00,0x00,0x00,0x00,0x00,
  0x00,0x00,0x00,0x00,0x00,0x00,0x00,0x00,0x00,0x00,0x00,0x00,0x00,0x00,0x00,0x00,0x00,0x00,0x00,0x00,
  0x00,0x00,0x00,0x00,0x00,0x00,0x00,0x00,0x00,0x00,0x00,0x00,0x00,0x00,0x00,0x00,0x00,0x00,0x00,0x00,
  0x00,0x00,0x00,0x00,0x00,0x00,0x00,0x00,0x00,0x00,0x00,0x00,0x00,0x00,0x00,0x00,0x00,0x00,0x00,0x00,
  0x00,0x00,0x00,0x00,0x00,0x00,0x00,0x00,0x00,0x00,0x00,0x00,0x00,0x00,0x00,0x00,0x00,0x00,0x00,0x00,
  0x00,0x00,0x00,0x00,0x00,0x00,0x00,0x00,0x00,0x00,0x00,0x00,0x00,0x00,0x00,0x00,0x00,0x00,0x00,0x00,
  0x00,0x00,0x00,0x00,0x00,0x00,0x00,0x00,0x00,0x00,0x00,0x00,0x00,0x00,0x00,0x00,0x00,0x00,0x00,0x00,
  0x00,0x00,0x00,0x00,0x00,0x00,0x00,0x00,0x00,0x00,0x00,0x00,0x00,0x00,0x00,0x00,0x00,0x00,0x00,0x00,
  0x00,0x00,0x00,0x00,0x00,0x00,0x00,0x00,0x00,0x00,0x00,0x00,0x00,0x00,0x00,0x00,0x00,0x00,0x00,0x00,
  0x00,0x00,0x00,0x00,0x00,0x00,0x00,0x00,0x00,0x00,0x00,0x00,0x00,0x00,0x00,0x00,0x00,0x00,0x00,0x00,
  0x00,0x00,0x00,0x00,0x00,0x00,0x00,0x00,0x00,0x00,0x00,0x00,0x00,0x00,0x00,0x00,0x00,0x00,0x00,0x00,
  0x00,0x00,0x00,0x00,0x00,0x00,0x00,0x00,0x00,0x00,0x00,0x00,0x00,0x00,0x00,0x00,0x00,0x00,0x00,0x00,
  0x00,0x00,0x00,0x00,0x00,0x00,0x00,0x00,0x00,0x00,0x00,0x00,0x00,0x00,0x00,0x00,0x00,0x00,0x00,0x00,
  0x00,0x00,0x00,0x00,0x00,0x00,0x00,0x00,0x00,0x00,0x00,0x00,0x00,0x00,0x00,0x00,0x00,0x00,0x00,0x00,
  0x00,0x00,0x00,0x00,0x00,0x00,0x00,0x00,0x00,0x00,0x00,0x00,0x00,0x00,0x00,0x00,0x00,0x00,0x00,0x00,
  0x00,0x00,0x00,0x00,0x00,0x00,0x00,0x00,0x00,0x00,0x00,0x00,0x00,0x00,0x00,0x00,0x00,0x00,0x00,0x00,
  0x00,0x00,0x00,0x00,0x00,0x00,0x00,0x00,0x00,0x00,0x00,0x00,0x00,0x00,0x00,0x00,0x00,0x00,0x00,0x00,
  0x00,0x00,0x00,0x00,0x00,0x00,0x00,0x00,0x00,0x00,0x00,0x00,0x00,0x00,0x00,0x00,0x00,0x00,0x00,0x00,
  0x00,0x00,0x00,0x00,0x00,0x00,0x00,0x00,0x00,0x00,0x00,0x00,0x00,0x00,0x00,0x00,0x00,0x00,0x00,0x00,
  0x00,0x00,0x00,0x00,0x00,0x00,0x00,0x00,0x00,0x00,0x00,0x00,0x00,0x00,0x00,0x00,0x00,0x00,0x00,0x00,
  0x00,0x00,0x00,0x00,0x00,0x00,0x00,0x00,0x00,0x00,0x00,0x00,0x00,0x00,0x00,0x00,0x00,0x00,0x00,0x00,
  0x00,0x00,0x00,0x00,0x00,0x00,0x00,0x00,0x40,0x00,0x00,0x00,0x6e,0xb9,0x2f,0x3b,0xc9,0x46,0x0c,0x3b,
  0x81,0x5e,0x3e,0x3b,0x32,0x18,0x11,0x3b,0x38,0x75,0x2f,0x3b,0xab,0xb4,0x0e,0x3b,0x79,0x0c,0x0c,0x3b,
  0xae,0x96,0x33,0x3b,0x06,0x94,0x22,0x3b,0x90,0x5e,0x12,0x3b,0x33,0x38,0x08,0x3b,0x99,0x43,0x1b,0x3b,
  0x3e,0x28,0x24,0x3b,0xc9,0xb1,0x1b,0x3b,0x92,0x17,0x23,0x3b,0x77,0xa0,0x12,0x3b,0x3f,0x14,0x0d,0x3b,
  0x3c,0x8b,0x22,0x3b,0x52,0x0e,0x28,0x3b,0xbf,0x90,0x1c,0x3b,0x1f,0x0c,0x18,0x3b,0xf5,0xef,0x17,0x3b,
  0x5a,0x25,0x01,0x3b,0x9c,0xed,0x21,0x3b,0xb9,0xdd,0x2a,0x3b,0x49,0x7d,0x26,0x3b,0xc2,0xc8,0x2a,0x3b,
  0x46,0x1e,0x2a,0x3b,0x38,0xe8,0x0c,0x3b,0x46,0x71,0x0b,0x3b,0xc6,0xe4,0x31,0x3b,0xfa,0xf0,0x25,0x3b,
  0xd2,0x44,0x22,0x3b,0x96,0xc2,0x17,0x3b,0xfa,0x03,0xe3,0x3a,0xdb,0xc6,0x18,0x3b,0xe0,0xd1,0x0e,0x3b,
  0x43,0x43,0x0d,0x3b,0x2e,0x8a,0xfd,0x3a,0x00,0x20,0x2c,0x3b,0x80,0x5d,0x12,0x3b,0x34,0x8b,0x11,0x3b,
  0x61,0xd7,0x31,0x3b,0x2d,0xc2,0x17,0x3b,0xa0,0x53,0x0d,0x3b,0x21,0xb2,0x24,0x3b,0xee,0xd6,0x0b,0x3b,
  0xca,0x7e,0x09,0x3b,0x57,0xf1,0x1d,0x3b,0xb9,0x21,0x11,0x3b,0xf7,0x6a,0xff,0x3a,0x79,0x02,0x36,0x3b,
  0x3d,0x8d,0x0d,0x3b,0x78,0x17,0x36,0x3b,0xe3,0x34,0x05,0x3b,0x49,0x73,0x0d,0x3b,0xc3,0x62,0x3a,0x3b,
  0xd3,0x23,0x0a,0x3b,0x8e,0xc1,0x24,0x3b,0xc1,0xb2,0x0a,0x3b,0x85,0xfb,0x42,0x3b,0xe1,0xc4,0x33,0x3b,
  0xa7,0x5c,0x03,0x3b,0x08,0x35,0x10,0x3b,0x13,0x00,0x00,0x00,0x74,0x66,0x6c,0x2e,0x70,0x73,0x65,0x75,
  0x64,0x6f,0x5f,0x71,0x63,0x6f,0x6e,0x73,0x74,0x31,0x31,0x00,0x02,0x00,0x00,0x00,0x40,0x00,0x00,0x00,
  0x3e,0x00,0x00,0x00,0x3a,0xee,0xff,0xff,0x00,0x00,0x00,0x01,0x14,0x00,0x00,0x00,0x24,0x03,0x00,0x00,
  0x0c,0x00,0x00,0x00,0x00,0x00,0x00,0x02,0x30,0x03,0x00,0x00,0x24,0xee,0xff,0xff,0x08,0x00,0x00,0x00,
  0x08,0x02,0x00,0x00,0x40,0x00,0x00,0x00,0x00,0x00,0x00,0x00,0x00,0x00,0x00,0x00,0x00,0x00,0x00,0x00,
  0x00,0x00,0x00,0x00,0x00,0x00,0x00,0x00,0x00,0x00,0x00,0x00,0x00,0x00,0x00,0x00,0x00,0x00,0x00,0x00,
  0x00,0x00,0x00,0x00,0x00,0x00,0x00,0x00,0x00,0x00,0x00,0x00,0x00,0x00,0x00,0x00,0x00,0x00,0x00,0x00,
  0x00,0x00,0x00,0x00,0x00,0x00,0x00,0x00,0x00,0x00,0x00,0x00,0x00,0x00,0x00,0x00,0x00,0x00,0x00,0x00,
  0x00,0x00,0x00,0x00,0x00,0x00,0x00,0x00,0x00,0x00,0x00,0x00,0x00,0x00,0x00,0x00,0x00,0x00,0x00,0x00,
  0x00,0x00,0x00,0x00,0x00,0x00,0x00,0x00,0x00,0x00,0x00,0x00,0x00,0x00,0x00,0x00,0x00,0x00,0x00,0x00,
  0x00,0x00,0x00,0x00,0x00,0x00,0x00,0x00,0x00,0x00,0x00,0x00,0x00,0x00,0x00,0x00,0x00,0x00,0x00,0x00,
  0x00,0x00,0x00,0x00,0x00,0x00,0x00,0x00,0x00,0x00,0x00,0x00,0x00,0x00,0x00,0x00,0x00,0x00,0x00,0x00,
  0x00,0x00,0x00,0x00,0x00,0x00,0x00,0x00,0x00,0x00,0x00,0x00,0x00,0x00,0x00,0x00,0x00,0x00,0x00,0x00,
  0x00,0x00,0x00,0x00,0x00,0x00,0x00,0x00,0x00,0x00,0x00,0x00,0x00,0x00,0x00,0x00,0x00,0x00,0x00,0x00,
  0x00,0x00,0x00,0x00,0x00,0x00,0x00,0x00,0x00,0x00,0x00,0x00,0x00,0x00,0x00,0x00,0x00,0x00,0x00,0x00,
  0x00,0x00,0x00,0x00,0x00,0x00,0x00,0x00,0x00,0x00,0x00,0x00,0x00,0x00,0x00,0x00,0x00,0x00,0x00,0x00,
  0x00,0x00,0x00,0x00,0x00,0x00,0x00,0x00,0x00,0x00,0x00,0x00,0x00,0x00,0x00,0x00,0x00,0x00,0x00,0x00,
  0x00,0x00,0x00,0x00,0x00,0x00,0x00,0x00,0x00,0x00,0x00,0x00,0x00,0x00,0x00,0x00,0x00,0x00,0x00,0x00,
  0x00,0x00,0x00,0x00,0x00,0x00,0x00,0x00,0x00,0x00,0x00,0x00,0x00,0x00,0x00,0x00,0x00,0x00,0x00,0x00,
  0x00,0x00,0x00,0x00,0x00,0x00,0x00,0x00,0x00,0x00,0x00,0x00,0x00,0x00,0x00,0x00,0x00,0x00,0x00,0x00,
  0x00,0x00,0x00,0x00,0x00,0x00,0x00,0x00,0x00,0x00,0x00,0x00,0x00,0x00,0x00,0x00,0x00,0x00,0x00,0x00,
  0x00,0x00,0x00,0x00,0x00,0x00,0x00,0x00,0x00,0x00,0x00,0x00,0x00,0x00,0x00,0x00,0x00,0x00,0x00,0x00,
  0x00,0x00,0x00,0x00,0x00,0x00,0x00,0x00,0x00,0x00,0x00,0x00,0x00,0x00,0x00,0x00,0x00,0x00,0x00,0x00,
  0x00,0x00,0x00,0x00,0x00,0x00,0x00,0x00,0x00,0x00,0x00,0x00,0x00,0x00,0x00,0x00,0x00,0x00,0x00,0x00,
  0x00,0x00,0x00,0x00,0x00,0x00,0x00,0x00,0x00,0x00,0x00,0x00,0x00,0x00,0x00,0x00,0x00,0x00,0x00,0x00,
  0x00,0x00,0x00,0x00,0x00,0x00,0x00,0x00,0x00,0x00,0x00,0x00,0x00,0x00,0x00,0x00,0x00,0x00,0x00,0x00,
  0x00,0x00,0x00,0x00,0x00,0x00,0x00,0x00,0x00,0x00,0x00,0x00,0x00,0x00,0x00,0x00,0x00,0x00,0x00,0x00,
  0x00,0x00,0x00,0x00,0x00,0x00,0x00,0x00,0x00,0x00,0x00,0x00,0x00,0x00,0x00,0x00,0x00,0x00,0x00,0x00,
  0x00,0x00,0x00,0x00,0x00,0x00,0x00,0x00,0x00,0x00,0x00,0x00,0x00,0x00,0x00,0x00,0x00,0x00,0x00,0x00,
  0x00,0x00,0x00,0x00,0x00,0x00,0x00,0x00,0x00,0x00,0x00,0x00,0x00,0x00,0x00,0x00,0x00,0x00,0x00,0x00,
  0x40,0x00,0x00,0x00,0x59,0x5a,0x10,0x39,0x88,0x77,0xe6,0x38,0x1d,0x62,0x1c,0x39,0xf6,0x61,0xee,0x38,
  0x51,0x22,0x10,0x39,0x41,0x75,0xea,0x38,0xba,0x17,0xe6,0x38,0xfe,0x86,0x13,0x39,0xc1,0x8d,0x05,0x39,
  0x2a,0x7a,0xf0,0x38,0x31,0xcd,0xdf,0x38,0x37,0x17,0xff,0x38,0xcf,0xd9,0x06,0x39,0x3f,0xcc,0xff,0x38,
  0xd1,0xf9,0x05,0x39,0x70,0xe6,0xf0,0x38,0x18,0xc9,0xe7,0x38,0x89,0x86,0x05,0x39,0xb5,0x0d,0x0a,0x39,
  0x48,0x9d,0x00,0x39,0x49,0xce,0xf9,0x38,0x03,0xa0,0xf9,0x38,0x10,0x2e,0xd4,0x38,0x0d,0x05,0x05,0x39,
  0xad,0x5c,0x0c,0x39,0x44,0xc4,0x08,0x39,0x74,0x4b,0x0c,0x39,0x68,0xbf,0x0b,0x39,0xc2,0x80,0xe7,0x38,
  0xbe,0x18,0xe5,0x38,0x8c,0x22,0x12,0x39,0x01,0x51,0x08,0x39,0xb1,0x4c,0x05,0x39,0x78,0x55,0xf9,0x38,
  0xbf,0x7c,0xba,0x38,0x14,0x01,0xfb,0x38,0x3d,0xa5,0xea,0x38,0x57,0x16,0xe8,0x38,0xb9,0x46,0xd0,0x38,
  0x6b,0x65,0x0d,0x39,0x6b,0x78,0xf0,0x38,0xea,0x1e,0xef,0x38,0x8c,0x17,0x12,0x39,0xcc,0x54,0xf9,0x38,
  0x39,0x31,0xe8,0x38,0x15,0x4b,0x07,0x39,0xc2,0xbf,0xe5,0x38,0xc3,0xe5,0xe1,0x38,0xed,0xbe,0x01,0x39,
  0x9d,0x71,0xee,0x38,0xac,0xd1,0xd1,0x38,0x22,0x84,0x15,0x39,0xe1,0x8f,0xe8,0x38,0x62,0x95,0x15,0x39,
  0xf7,0xd9,0xda,0x38,0x3d,0x65,0xe8,0x38,0x6c,0x1c,0x19,0x39,0xe8,0xf4,0xe2,0x38,0xc1,0x57,0x07,0x39,
  0xbb,0xdf,0xe3,0x38,0x4a,0x2c,0x20,0x39,0xf1,0xac,0x13,0x39,0x1c,0xd2,0xd7,0x38,0xbe,0xec,0xec,0x38,
  0x13,0x00,0x00,0x00,0x74,0x66,0x6c,0x2e,0x70,0x73,0x65,0x75,0x64,0x6f,0x5f,0x71,0x63,0x6f,0x6e,0x73,
  0x74,0x31,0x30,0x00,0x01,0x00,0x00,0x00,0x40,0x00,0x00,0x00,0x8a,0xf1,0xff,0xff,0x00,0x00,0x00,0x01,
  0x14,0x00,0x00,0x00,0x68,0x02,0x00,0x00,0x0b,0x00,0x00,0x00,0x00,0x00,0x00,0x09,0x74,0x02,0x00,0x00,
  0x74,0xf1,0xff,0xff,0x08,0x00,0x00,0x00,0x8c,0x01,0x00,0x00,0x30,0x00,0x00,0x00,0x00,0x00,0x00,0x00,
  0x00,0x00,0x00,0x00,0x00,0x00,0x00,0x00,0x00,0x00,0x00,0x00,0x00,0x00,0x00,0x00,0x00,0x00,0x00,0x00,
  0x00,0x00,0x00,0x00,0x00,0x00,0x00,0x00,0x00,0x00,0x00,0x00,0x00,0x00,0x00,0x00,0x00,0x00,0x00,0x00,
  0x00,0x00,0x00,0x00,0x00,0x00,0x00,0x00,0x00,0x00,0x00,0x00,0x00,0x00,0x00,0x00,0x00,0x00,0x00,0x00,
  0x00,0x00,0x00,0x00,0x00,0x00,0x00,0x00,0x00,0x00,0x00,0x00,0x00,0x00,0x00,0x00,0x00,0x00,0x00,0x00,
  0x00,0x00,0x00,0x00,0x00,0x00,0x00,0x00,0x00,0x00,0x00,0x00,0x00,0x00,0x00,0x00,0x00,0x00,0x00,0x00,
  0x00,0x00,0x00,0x00,0x00,0x00,0x00,0x00,0x00,0x00,0x00,0x00,0x00,0x00,0x00,0x00,0x00,0x00,0x00,0x00,
  0x00,0x00,0x00,0x00,0x00,0x00,0x00,0x00,0x00,0x00,0x00,0x00,0x00,0x00,0x00,0x00,0x00,0x00,0x00,0x00,
  0x00,0x00,0x00,0x00,0x00,0x00,0x00,0x00,0x00,0x00,0x00,0x00,0x00,0x00,0x00,0x00,0x00,0x00,0x00,0x00,
  0x00,0x00,0x00,0x00,0x00,0x00,0x00,0x00,0x00,0x00,0x00,0x00,0x00,0x00,0x00,0x00,0x00,0x00,0x00,0x00,
  0x00,0x00,0x00,0x00,0x00,0x00,0x00,0x00,0x00,0x00,0x00,0x00,0x00,0x00,0x00,0x00,0x00,0x00,0x00,0x00,
  0x00,0x00,0x00,0x00,0x00,0x00,0x00,0x00,0x00,0x00,0x00,0x00,0x00,0x00,0x00,0x00,0x00,0x00,0x00,0x00,
  0x00,0x00,0x00,0x00,0x00,0x00,0x00,0x00,0x00,0x00,0x00,0x00,0x00,0x00,0x00,0x00,0x00,0x00,0x00,0x00,
  0x00,0x00,0x00,0x00,0x00,0x00,0x00,0x00,0x00,0x00,0x00,0x00,0x00,0x00,0x00,0x00,0x00,0x00,0x00,0x00,
  0x00,0x00,0x00,0x00,0x00,0x00,0x00,0x00,0x00,0x00,0x00,0x00,0x00,0x00,0x00,0x00,0x00,0x00,0x00,0x00,
  0x00,0x00,0x00,0x00,0x00,0x00,0x00,0x00,0x00,0x00,0x00,0x00,0x00,0x00,0x00,0x00,0x00,0x00,0x00,0x00,
  0x00,0x00,0x00,0x00,0x00,0x00,0x00,0x00,0x00,0x00,0x00,0x00,0x00,0x00,0x00,0x00,0x00,0x00,0x00,0x00,
  0x00,0x00,0x00,0x00,0x00,0x00,0x00,0x00,0x00,0x00,0x00,0x00,0x00,0x00,0x00,0x00,0x00,0x00,0x00,0x00,
  0x00,0x00,0x00,0x00,0x00,0x00,0x00,0x00,0x00,0x00,0x00,0x00,0x00,0x00,0x00,0x00,0x00,0x00,0x00,0x00,
  0x00,0x00,0x00,0x00,0x00,0x00,0x00,0x00,0x00,0x00,0x00,0x00,0x00,0x00,0x00,0x00,0x00,0x00,0x00,0x00,
  0x00,0x00,0x00,0x00,0x30,0x00,0x00,0x00,0xba,0x78,0x8a,0x3b,0x37,0x8e,0xfd,0x3b,0xa8,0xd8,0xc1,0x3b,
  0x81,0xdf,0xb9,0x3b,0xcd,0xf7,0xc1,0x3b,0xf0,0xaa,0xa6,0x3b,0x36,0x83,0xb9,0x3b,0x01,0x5e,0xa3,0x3b,
  0x8b,0xb2,0xb1,0x3b,0x74,0xb0,0xdb,0x3b,0xb1,0x82,0xb9,0x3b,0x50,0xb1,0x96,0x3b,0xb5,0x63,0xf0,0x3b,
  0x61,0x41,0xd4,0x3b,0x8e,0x2d,0xe7,0x3b,0x0d,0x9a,0xbf,0x3b,0xa7,0x6c,0xc7,0x3b,0x53,0xd1,0xbf,0x3b,
  0x49,0xe2,0x97,0x3b,0x4c,0x20,0xa5,0x3b,0xe9,0x68,0x9e,0x3b,0xf8,0x1a,0xce,0x3b,0xa5,0x58,0x16,0x3c,
  0xa0,0x5d,0xe0,0x3b,0x51,0xbc,0x08,0x3c,0x67,0x06,0x8b,0x3b,0xdf,0xc8,0xd4,0x3b,0xd0,0xa2,0xc3,0x3b,
  0x10,0xc4,0xbf,0x3b,0x66,0x8b,0xab,0x3b,0x93,0x0a,0xc3,0x3b,0xa6,0x0a,0xa5,0x3b,0xa9,0x94,0xbc,0x3b,
  0xf8,0x9a,0xf8,0x3b,0xee,0xc2,0xc8,0x3b,0xd2,0x60,0xc1,0x3b,0x27,0x91,0xa1,0x3b,0x9d,0xf5,0x07,0x3c,
  0xa2,0x21,0xd3,0x3b,0xc9,0x8d,0xf6,0x3b,0xa3,0x21,0x17,0x3c,0x9f,0x44,0xf1,0x3b,0x89,0xab,0xad,0x3b,
  0x52,0x2a,0xbd,0x3b,0x96,0xad,0x64,0x3b,0x41,0xf0,0xa1,0x3b,0xc8,0x4a,0xac,0x3b,0x0b,0x27,0xce,0x3b,
  0x12,0x00,0x00,0x00,0x74,0x66,0x6c,0x2e,0x70,0x73,0x65,0x75,0x64,0x6f,0x5f,0x71,0x63,0x6f,0x6e,0x73,
  0x74,0x39,0x00,0x00,0x02,0x00,0x00,0x00,0x30,0x00,0x00,0x00,0x40,0x00,0x00,0x00,0x22,0xf4,0xff,0xff,
  0x00,0x00,0x00,0x01,0x14,0x00,0x00,0x00,0x64,0x02,0x00,0x00,0x0a,0x00,0x00,0x00,0x00,0x00,0x00,0x02,
  0x70,0x02,0x00,0x00,0x0c,0xf4,0xff,0xff,0x08,0x00,0x00,0x00,0x88,0x01,0x00,0x00,0x30,0x00,0x00,0x00,
  0x00,0x00,0x00,0x00,0x00,0x00,0x00,0x00,0x00,0x00,0x00,0x00,0x00,0x00,0x00,0x00,0x00,0x00,0x00,0x00,
  0x00,0x00,0x00,0x00,0x00,0x00,0x00,0x00,0x00,0x00,0x00,0x00,0x00,0x00,0x00,0x00,0x00,0x00,0x00,0x00,
  0x00,0x00,0x00,0x00,0x00,0x00,0x00,0x00,0x00,0x00,0x00,0x00,0x00,0x00,0x00,0x00,0x00,0x00,0x00,0x00,
  0x00,0x00,0x00,0x00,0x00,0x00,0x00,0x00,0x00,0x00,0x00,0x00,0x00,0x00,0x00,0x00,0x00,0x00,0x00,0x00,
  0x00,0x00,0x00,0x00,0x00,0x00,0x00,0x00,0x00,0x00,0x00,0x00,0x00,0x00,0x00,0x00,0x00,0x00,0x00,0x00,
  0x00,0x00,0x00,0x00,0x00,0x00,0x00,0x00,0x00,0x00,0x00,0x00,0x00,0x00,0x00,0x00,0x00,0x00,0x00,0x00,
  0x00,0x00,0x00,0x00,0x00,0x00,0x00,0x00,0x00,0x00,0x00,0x00,0x00,0x00,0x00,0x00,0x00,0x00,0x00,0x00,
  0x00,0x00,0x00,0x00,0x00,0x00,0x00,0x00,0x00,0x00,0x00,0x00,0x00,0x00,0x00,0x00,0x00,0x00,0x00,0x00,
  0x00,0x00,0x00,0x00,0x00,0x00,0x00,0x00,0x00,0x00,0x00,0x00,0x00,0x00,0x00,0x00,0x00,0x00,0x00,0x00,
  0x00,0x00,0x00,0x00,0x00,0x00,0x00,0x00,0x00,0x00,0x00,0x00,0x00,0x00,0x00,0x00,0x00,0x00,0x00,0x00,
  0x00,0x00,0x00,0x00,0x00,0x00,0x00,0x00,0x00,0x00,0x00,0x00,0x00,0x00,0x00,0x00,0x00,0x00,0x00,0x00,
  0x00,0x00,0x00,0x00,0x00,0x00,0x00,0x00,0x00,0x00,0x00,0x00,0x00,0x00,0x00,0x00,0x00,0x00,0x00,0x00,
  0x00,0x00,0x00,0x00,0x00,0x00,0x00,0x00,0x00,0x00,0x00,0x00,0x00,0x00,0x00,0x00,0x00,0x00,0x00,0x00,
  0x00,0x00,0x00,0x00,0x00,0x00,0x00,0x00,0x00,0x00,0x00,0x00,0x00,0x00,0x00,0x00,0x00,0x00,0x00,0x00,
  0x00,0x00,0x00,0x00,0x00,0x00,0x00,0x00,0x00,0x00,0x00,0x00,0x00,0x00,0x00,0x00,0x00,0x00,0x00,0x00,
  0x00,0x00,0x00,0x00,0x00,0x00,0x00,0x00,0x00,0x00,0x00,0x00,0x00,0x00,0x00,0x00,0x00,0x00,0x00,0x00,
  0x00,0x00,0x00,0x00,0x00,0x00,0x00,0x00,0x00,0x00,0x00,0x00,0x00,0x00,0x00,0x00,0x00,0x00,0x00,0x00,
  0x00,0x00,0x00,0x00,0x00,0x00,0x00,0x00,0x00,0x00,0x00,0x00,0x00,0x00,0x00,0x00,0x00,0x00,0x00,0x00,
  0x00,0x00,0x00,0x00,0x00,0x00,0x00,0x00,0x00,0x00,0x00,0x00,0x00,0x00,0x00,0x00,0x00,0x00,0x00,0x00,
  0x00,0x00,0x00,0x00,0x30,0x00,0x00,0x00,0x68,0x93,0xca,0x38,0xeb,0x77,0x39,0x39,0xfb,0xca,0x0d,0x39,
  0xf0,0xf5,0x07,0x39,0xc3,0xe1,0x0d,0x39,0x39,0xd3,0xf3,0x38,0x6d,0xb2,0x07,0x39,0x23,0xff,0xee,0x38,
  0xff,0xfa,0x01,0x39,0x3e,0xb2,0x20,0x39,0x0c,0xb2,0x07,0x39,0x58,0x74,0xdc,0x38,0x7d,0xd6,0x2f,0x39,
  0x33,0x42,0x1b,0x39,0x92,0x19,0x29,0x39,0xac,0x26,0x0c,0x39,0x84,0xdf,0x11,0x39,0x1a,0x4f,0x0c,0x39,
  0x80,0x32,0xde,0x38,0xe3,0x91,0xf1,0x38,0x87,0xbe,0xe7,0x38,0x90,0xc2,0x16,0x39,0xa1,0xf2,0x5b,0x39,
  0xf0,0x1d,0x24,0x39,0x42,0x09,0x48,0x39,0xab,0x62,0xcb,0x38,0x4e,0xa5,0x1b,0x39,0x1b,0x1a,0x0f,0x39,
  0x67,0x45,0x0c,0x39,0xa6,0xf5,0xfa,0x38,0xc0,0xaa,0x0e,0x39,0x38,0x72,0xf1,0x38,0xf6,0xf0,0x09,0x39,
  0xf7,0xd8,0x35,0x39,0xe2,0xd9,0x12,0x39,0x53,0x73,0x0d,0x39,0xf0,0x5c,0xec,0x38,0x92,0xe6,0x46,0x39,
  0xb8,0x6f,0x1a,0x39,0xcf,0x58,0x34,0x39,0xab,0x18,0x5d,0x39,0x02,0x7b,0x30,0x39,0xb1,0x11,0xfe,0x38,
  0x6f,0x5e,0x0a,0x39,0x74,0x45,0xa7,0x38,0x11,0xe8,0xec,0x38,0xa2,0x0d,0xfc,0x38,0x65,0xcb,0x16,0x39,
  0x12,0x00,0x00,0x00,0x74,0x66,0x6c,0x2e,0x70,0x73,0x65,0x75,0x64,0x6f,0x5f,0x71,0x63,0x6f,0x6e,0x73,
  0x74,0x38,0x00,0x00,0x01,0x00,0x00,0x00,0x30,0x00,0x00,0x00,0xb2,0xf6,0xff,0xff,0x00,0x00,0x00,0x01,
  0x14,0x00,0x00,0x00,0xa8,0x01,0x00,0x00,0x09,0x00,0x00,0x00,0x00,0x00,0x00,0x09,0xb4,0x01,0x00,0x00,
  0x9c,0xf6,0xff,0xff,0x08,0x00,0x00,0x00,0x0c,0x01,0x00,0x00,0x20,0x00,0x00,0x00,0x00,0x00,0x00,0x00,
  0x00,0x00,0x00,0x00,0x00,0x00,0x00,0x00,0x00,0x00,0x00,0x00,0x00,0x00,0x00,0x00,0x00,0x00,0x00,0x00,
  0x00,0x00,0x00,0x00,0x00,0x00,0x00,0x00,0x00,0x00,0x00,0x00,0x00,0x00,0x00,0x00,0x00,0x00,0x00,0x00,
  0x00,0x00,0x00,0x00,0x00,0x00,0x00,0x00,0x00,0x00,0x00,0x00,0x00,0x00,0x00,0x00,0x00,0x00,0x00,0x00,
  0x00,0x00,0x00,0x00,0x00,0x00,0x00,0x00,0x00,0x00,0x00,0x00,0x00,0x00,0x00,0x00,0x00,0x00,0x00,0x00,
  0x00,0x00,0x00,0x00,0x00,0x00,0x00,0x00,0x00,0x00,0x00,0x00,0x00,0x00,0x00,0x00,0x00,0x00,0x00,0x00,
  0x00,0x00,0x00,0x00,0x00,0x00,0x00,0x00,0x00,0x00,0x00,0x00,0x00,0x00,0x00,0x00,0x00,0x00,0x00,0x00,
  0x00,0x00,0x00,0x00,0x00,0x00,0x00,0x00,0x00,0x00,0x00,0x00,0x00,0x00,0x00,0x00,0x00,0x00,0x00,0x00,
  0x00,0x00,0x00,0x00,0x00,0x00,0x00,0x00,0x00,0x00,0x00,0x00,0x00,0x00,0x00,0x00,0x00,0x00,0x00,0x00,
  0x00,0x00,0x00,0x00,0x00,0x00,0x00,0x00,0x00,0x00,0x00,0x00,0x00,0x00,0x00,0x00,0x00,0x00,0x00,0x00,
  0x00,0x00,0x00,0x00,0x00,0x00,0x00,0x00,0x00,0x00,0x00,0x00,0x00,0x00,0x00,0x00,0x00,0x00,0x00,0x00,
  0x00,0x00,0x00,0x00,0x00,0x00,0x00,0x00,0x00,0x00,0x00,0x00,0x00,0x00,0x00,0x00,0x00,0x00,0x00,0x00,
  0x00,0x00,0x00,0x00,0x00,0x00,0x00,0x00,0x00,0x00,0x00,0x00,0x00,0x00,0x00,0x00,0x00,0x00,0x00,0x00,
  0x00,0x00,0x00,0x00,0x00,0x00,0x00,0x00,0x00,0x00,0x00,0x00,0x00,0x00,0x00,0x00,0x20,0x00,0x00,0x00,
  0xa0,0x50,0x57,0x3b,0x90,0xb0,0x21,0x3b,0xa8,0x0e,0x41,0x3b,0xcf,0xae,0x2d,0x3b,0x01,0x02,0x2e,0x3b,
  0x12,0xc7,0x32,0x3b,0x06,0x9c,0x1c,0x3b,0x37,0xb6,0x42,0x3b,0x14,0x58,0x2f,0x3b,0xa7,0x56,0x49,0x3b,
  0xa9,0x4f,0x38,0x3b,0xde,0x72,0x4c,0x3b,0x56,0x31,0x1a,0x3b,0x74,0x0c,0x40,0x3b,0x48,0xab,0x2f,0x3b,
  0x5a,0x71,0x4d,0x3b,0x0c,0x90,0x43,0x3b,0x38,0x29,0x55,0x3b,0xf8,0x62,0x29,0x3b,0xfe,0x55,0x24,0x3b,
  0xaa,0x9f,0x64,0x3b,0x76,0xe5,0x42,0x3b,0x14,0x3d,0x35,0x3b,0x0f,0x2e,0x38,0x3b,0x84,0xc6,0x4f,0x3b,
  0xf4,0xbf,0x39,0x3b,0xaf,0x53,0x3b,0x3b,0xc4,0xcb,0x43,0x3b,0x0e,0xa4,0x4c,0x3b,0x29,0x90,0x46,0x3b,
  0x48,0xa0,0x29,0x3b,0x00,0x85,0x20,0x3b,0x12,0x00,0x00,0x00,0x74,0x66,0x6c,0x2e,0x70,0x73,0x65,0x75,
  0x64,0x6f,0x5f,0x71,0x63,0x6f,0x6e,0x73,0x74,0x37,0x00,0x00,0x02,0x00,0x00,0x00,0x20,0x00,0x00,0x00,
  0x30,0x00,0x00,0x00,0x8a,0xf8,0xff,0xff,0x00,0x00,0x00,0x01,0x14,0x00,0x00,0x00,0xa4,0x01,0x00,0x00,
  0x08,0x00,0x00,0x00,0x00,0x00,0x00,0x02,0xb0,0x01,0x00,0x00,0x74,0xf8,0xff,0xff,0x08,0x00,0x00,0x00,
  0x08,0x01,0x00,0x00,0x20,0x00,0x00,0x00,0x00,0x00,0x00,0x00,0x00,0x00,0x00,0x00,0x00,0x00,0x00,0x00,
  0x00,0x00,0x00,0x00,0x00,0x00,0x00,0x00,0x00,0x00,0x00,0x00,0x00,0x00,0x00,0x00,0x00,0x00,0x00,0x00,
  0x00,0x00,0x00,0x00,0x00,0x00,0x00,0x00,0x00,0x00,0x00,0x00,0x00,0x00,0x00,0x00,0x00,0x00,0x00,0x00,
  0x00,0x00,0x00,0x00,0x00,0x00,0x00,0x00,0x00,0x00,0x00,0x00,0x00,0x00,0x00,0x00,0x00,0x00,0x00,0x00,
  0x00,0x00,0x00,0x00,0x00,0x00,0x00,0x00,0x00,0x00,0x00,0x00,0x00,0x00,0x00,0x00,0x00,0x00,0x00,0x00,
  0x00,0x00,0x00,0x00,0x00,0x00,0x00,0x00,0x00,0x00,0x00,0x00,0x00,0x00,0x00,0x00,0x00,0x00,0x00,0x00,
  0x00,0x00,0x00,0x00,0x00,0x00,0x00,0x00,0x00,0x00,0x00,0x00,0x00,0x00,0x00,0x00,0x00,0x00,0x00,0x00,
  0x00,0x00,0x00,0x00,0x00,0x00,0x00,0x00,0x00,0x00,0x00,0x00,0x00,0x00,0x00,0x00,0x00,0x00,0x00,0x00,
  0x00,0x00,0x00,0x00,0x00,0x00,0x00,0x00,0x00,0x00,0x00,0x00,0x00,0x00,0x00,0x00,0x00,0x00,0x00,0x00,
  0x00,0x00,0x00,0x00,0x00,0x00,0x00,0x00,0x00,0x00,0x00,0x00,0x00,0x00,0x00,0x00,0x00,0x00,0x00,0x00,
  0x00,0x00,0x00,0x00,0x00,0x00,0x00,0x00,0x00,0x00,0x00,0x00,0x00,0x00,0x00,0x00,0x00,0x00,0x00,0x00,
  0x00,0x00,0x00,0x00,0x00,0x00,0x00,0x00,0x00,0x00,0x00,0x00,0x00,0x00,0x00,0x00,0x00,0x00,0x00,0x00,
  0x00,0x00,0x00,0x00,0x00,0x00,0x00,0x00,0x00,0x00,0x00,0x00,0x00,0x00,0x00,0x00,0x00,0x00,0x00,0x00,
  0x00,0x00,0x00,0x00,0x20,0x00,0x00,0x00,0x4b,0xe3,0xe8,0x38,0xd1,0xe2,0xae,0x38,0x49,0xd0,0xd0,0x38,
  0xa4,0xdb,0xbb,0x38,0xa0,0x35,0xbc,0x38,0x59,0x5e,0xc1,0x38,0x22,0x64,0xa9,0x38,0x6a,0x9a,0xd2,0x38,
  0x9e,0xa7,0xbd,0x38,0x4e,0xc5,0xd9,0x38,0x8e,0x5a,0xc7,0x38,0x81,0x22,0xdd,0x38,0xf3,0xc6,0xa6,0x38,
  0x02,0xb9,0xcf,0x38,0x9c,0x01,0xbe,0x38,0xc2,0x35,0xde,0x38,0x06,0x86,0xd3,0x38,0xe2,0x8e,0xe6,0x38,
  0x09,0x36,0xb7,0x38,0x89,0xbf,0xb1,0x38,0x66,0x48,0xf7,0x38,0x84,0xcd,0xd2,0x38,0xc6,0x07,0xc4,0x38,
  0x36,0x36,0xc7,0x38,0xa8,0xbb,0xe0,0x38,0xe8,0xe8,0xc8,0x38,0x96,0x9d,0xca,0x38,0x9e,0xc6,0xd3,0x38,
  0xb4,0x57,0xdd,0x38,0xd3,0xc4,0xd6,0x38,0x5a,0x78,0xb7,0x38,0xce,0x9e,0xad,0x38,0x12,0x00,0x00,0x00,
  0x74,0x66,0x6c,0x2e,0x70,0x73,0x65,0x75,0x64,0x6f,0x5f,0x71,0x63,0x6f,0x6e,0x73,0x74,0x36,0x00,0x00,
  0x01,0x00,0x00,0x00,0x20,0x00,0x00,0x00,0x5a,0xfa,0xff,0xff,0x00,0x00,0x00,0x01,0x14,0x00,0x00,0x00,
  0x48,0x01,0x00,0x00,0x07,0x00,0x00,0x00,0x00,0x00,0x00,0x09,0x54,0x01,0x00,0x00,0x44,0xfa,0xff,0xff,
  0x08,0x00,0x00,0x00,0xcc,0x00,0x00,0x00,0x18,0x00,0x00,0x00,0x00,0x00,0x00,0x00,0x00,0x00,0x00,0x00,
  0x00,0x00,0x00,0x00,0x00,0x00,0x00,0x00,0x00,0x00,0x00,0x00,0x00,0x00,0x00,0x00,0x00,0x00,0x00,0x00,
  0x00,0x00,0x00,0x00,0x00,0x00,0x00,0x00,0x00,0x00,0x00,0x00,0x00,0x00,0x00,0x00,0x00,0x00,0x00,0x00,
  0x00,0x00,0x00,0x00,0x00,0x00,0x00,0x00,0x00,0x00,0x00,0x00,0x00,0x00,0x00,0x00,0x00,0x00,0x00,0x00,
  0x00,0x00,0x00,0x00,0x00,0x00,0x00,0x00,0x00,0x00,0x00,0x00,0x00,0x00,0x00,0x00,0x00,0x00,0x00,0x00,
  0x00,0x00,0x00,0x00,0x00,0x00,0x00,0x00,0x00,0x00,0x00,0x00,0x00,0x00,0x00,0x00,0x00,0x00,0x00,0x00,
  0x00,0x00,0x00,0x00,0x00,0x00,0x00,0x00,0x00,0x00,0x00,0x00,0x00,0x00,0x00,0x00,0x00,0x00,0x00,0x00,
  0x00,0x00,0x00,0x00,0x00,0x00,0x00,0x00,0x00,0x00,0x00,0x00,0x00,0x00,0x00,0x00,0x00,0x00,0x00,0x00,
  0x00,0x00,0x00,0x00,0x00,0x00,0x00,0x00,0x00,0x00,0x00,0x00,0x00,0x00,0x00,0x00,0x00,0x00,0x00,0x00,
  0x00,0x00,0x00,0x00,0x00,0x00,0x00,0x00,0x00,0x00,0x00,0x00,0x00,0x00,0x00,0x00,0x00,0x00,0x00,0x00,
  0x00,0x00,0x00,0x00,0x00,0x00,0x00,0x00,0x18,0x00,0x00,0x00,0x80,0x0c,0x0c,0x3b,0x02,0xdd,0x05,0x3b,
  0xd5,0x21,0x13,0x3b,0xc6,0x08,0x15,0x3b,0xbb,0xbd,0x0c,0x3b,0x31,0x0b,0x1b,0x3b,0x85,0xde,0x4d,0x3b,
  0xae,0x56,0x14,0x3b,0x29,0xa7,0x09,0x3b,0xfc,0x46,0x12,0x3b,0xbe,0xae,0x20,0x3b,0x64,0xfb,0x30,0x3b,
  0xff,0x30,0x06,0x3b,0x1f,0xab,0x26,0x3b,0x32,0x30,0x25,0x3b,0xbd,0x68,0x16,0x3b,0x63,0x73,0xd9,0x3a,
  0x8b,0x9a,0xf9,0x3a,0x07,0x44,0x08,0x3b,0x21,0xc4,0x5f,0x3b,0xff,0xe9,0x08,0x3b,0x31,0x95,0x16,0x3b,
  0xb6,0xaa,0x1e,0x3b,0xc1,0x93,0xfb,0x3a,0x12,0x00,0x00,0x00,0x74,0x66,0x6c,0x2e,0x70,0x73,0x65,0x75,
  0x64,0x6f,0x5f,0x71,0x63,0x6f,0x6e,0x73,0x74,0x35,0x00,0x00,0x02,0x00,0x00,0x00,0x18,0x00,0x00,0x00,
  0x20,0x00,0x00,0x00,0xd2,0xfb,0xff,0xff,0x00,0x00,0x00,0x01,0x14,0x00,0x00,0x00,0x44,0x01,0x00,0x00,
  0x06,0x00,0x00,0x00,0x00,0x00,0x00,0x02,0x50,0x01,0x00,0x00,0xbc,0xfb,0xff,0xff,0x08,0x00,0x00,0x00,
  0xc8,0x00,0x00,0x00,0x18,0x00,0x00,0x00,0x00,0x00,0x00,0x00,0x00,0x00,0x00,0x00,0x00,0x00,0x00,0x00,
  0x00,0x00,0x00,0x00,0x00,0x00,0x00,0x00,0x00,0x00,0x00,0x00,0x00,0x00,0x00,0x00,0x00,0x00,0x00,0x00,
  0x00,0x00,0x00,0x00,0x00,0x00,0x00,0x00,0x00,0x00,0x00,0x00,0x00,0x00,0x00,0x00,0x00,0x00,0x00,0x00,
  0x00,0x00,0x00,0x00,0x00,0x00,0x00,0x00,0x00,0x00,0x00,0x00,0x00,0x00,0x00,0x00,0x00,0x00,0x00,0x00,
  0x00,0x00,0x00,0x00,0x00,0x00,0x00,0x00,0x00,0x00,0x00,0x00,0x00,0x00,0x00,0x00,0x00,0x00,0x00,0x00,
  0x00,0x00,0x00,0x00,0x00,0x00,0x00,0x00,0x00,0x00,0x00,0x00,0x00,0x00,0x00,0x00,0x00,0x00,0x00,0x00,
  0x00,0x00,0x00,0x00,0x00,0x00,0x00,0x00,0x00,0x00,0x00,0x00,0x00,0x00,0x00,0x00,0x00,0x00,0x00,0x00,
  0x00,0x00,0x00,0x00,0x00,0x00,0x00,0x00,0x00,0x00,0x00,0x00,0x00,0x00,0x00,0x00,0x00,0x00,0x00,0x00,
  0x00,0x00,0x00,0x00,0x00,0x00,0x00,0x00,0x00,0x00,0x00,0x00,0x00,0x00,0x00,0x00,0x00,0x00,0x00,0x00,
  0x00,0x00,0x00,0x00,0x00,0x00,0x00,0x00,0x00,0x00,0x00,0x00,0x00,0x00,0x00,0x00,0x00,0x00,0x00,0x00,
  0x18,0x00,0x00,0x00,0x4d,0xcc,0xbb,0x38,0xec,0x80,0xb3,0x38,0xe2,0x4b,0xc5,0x38,0xd8,0xd8,0xc7,0x38,
  0xf5,0xb9,0xbc,0x38,0xc8,0xe7,0xcf,0x38,0xa4,0x07,0x0a,0x39,0x08,0xea,0xc6,0x38,0xd8,0x95,0xb8,0x38,
  0x6b,0x26,0xc4,0x38,0x81,0x77,0xd7,0x38,0xce,0x52,0xed,0x38,0x8b,0xf1,0xb3,0x38,0x58,0x7e,0xdf,0x38,
  0x3a,0x82,0xdd,0x38,0xcf,0xb0,0xc9,0x38,0x81,0xcb,0x91,0x38,0x47,0x5a,0xa7,0x38,0xa1,0xb9,0xb6,0x38,
  0x7d,0x07,0x16,0x39,0x2f,0x98,0xb7,0x38,0x6b,0xec,0xc9,0x38,0x89,0xc3,0xd4,0x38,0x02,0xad,0xa8,0x38,
  0x12,0x00,0x00,0x00,0x74,0x66,0x6c,0x2e,0x70,0x73,0x65,0x75,0x64,0x6f,0x5f,0x71,0x63,0x6f,0x6e,0x73,
  0x74,0x34,0x00,0x00,0x01,0x00,0x00,0x00,0x18,0x00,0x00,0x00,0x42,0xfd,0xff,0xff,0x00,0x00,0x00,0x01,
  0x14,0x00,0x00,0x00,0xe8,0x00,0x00,0x00,0x05,0x00,0x00,0x00,0x00,0x00,0x00,0x09,0xf4,0x00,0x00,0x00,
  0x2c,0xfd,0xff,0xff,0x08,0x00,0x00,0x00,0x8c,0x00,0x00,0x00,0x10,0x00,0x00,0x00,0x00,0x00,0x00,0x00,
  0x00,0x00,0x00,0x00,0x00,0x00,0x00,0x00,0x00,0x00,0x00,0x00,0x00,0x00,0x00,0x00,0x00,0x00,0x00,0x00,
  0x00,0x00,0x00,0x00,0x00,0x00,0x00,0x00,0x00,0x00,0x00,0x00,0x00,0x00,0x00,0x00,0x00,0x00,0x00,0x00,
  0x00,0x00,0x00,0x00,0x00,0x00,0x00,0x00,0x00,0x00,0x00,0x00,0x00,0x00,0x00,0x00,0x00,0x00,0x00,0x00,
  0x00,0x00,0x00,0x00,0x00,0x00,0x00,0x00,0x00,0x00,0x00,0x00,0x00,0x00,0x00,0x00,0x00,0x00,0x00,0x00,
  0x00,0x00,0x00,0x00,0x00,0x00,0x00,0x00,0x00,0x00,0x00,0x00,0x00,0x00,0x00,0x00,0x00,0x00,0x00,0x00,
  0x00,0x00,0x00,0x00,0x00,0x00,0x00,0x00,0x00,0x00,0x00,0x00,0x00,0x00,0x00,0x00,0x00,0x00,0x00,0x00,
  0x00,0x00,0x00,0x00,0x00,0x00,0x00,0x00,0x10,0x00,0x00,0x00,0x87,0x47,0x89,0x3b,0xdb,0x9a,0x59,0x3b,
  0x3d,0x6b,0x42,0x3b,0x67,0x7f,0x3a,0x3b,0x59,0x3b,0x6b,0x3b,0xdd,0x2e,0x6f,0x3b,0x50,0x4f,0x74,0x3b,
  0x3f,0xff,0xa0,0x3b,0x13,0xf9,0xb3,0x3b,0x4d,0x02,0x5e,0x3b,0x8f,0x60,0x45,0x3b,0x73,0x15,0x97,0x3b,
  0x68,0x93,0x79,0x3b,0x0d,0x22,0x77,0x3b,0x50,0xd2,0x85,0x3b,0x28,0xec,0x6a,0x3b,0x12,0x00,0x00,0x00,
  0x74,0x66,0x6c,0x2e,0x70,0x73,0x65,0x75,0x64,0x6f,0x5f,0x71,0x63,0x6f,0x6e,0x73,0x74,0x33,0x00,0x00,
  0x02,0x00,0x00,0x00,0x10,0x00,0x00,0x00,0x18,0x00,0x00,0x00,0x5a,0xfe,0xff,0xff,0x00,0x00,0x00,0x01,
  0x14,0x00,0x00,0x00,0xe4,0x00,0x00,0x00,0x04,0x00,0x00,0x00,0x00,0x00,0x00,0x02,0xf0,0x00,0x00,0x00,
  0x44,0xfe,0xff,0xff,0x08,0x00,0x00,0x00,0x88,0x00,0x00,0x00,0x10,0x00,0x00,0x00,0x00,0x00,0x00,0x00,
  0x00,0x00,0x00,0x00,0x00,0x00,0x00,0x00,0x00,0x00,0x00,0x00,0x00,0x00,0x00,0x00,0x00,0x00,0x00,0x00,
  0x00,0x00,0x00,0x00,0x00,0x00,0x00,0x00,0x00,0x00,0x00,0x00,0x00,0x00,0x00,0x00,0x00,0x00,0x00,0x00,
  0x00,0x00,0x00,0x00,0x00,0x00,0x00,0x00,0x00,0x00,0x00,0x00,0x00,0x00,0x00,0x00,0x00,0x00,0x00,0x00,
  0x00,0x00,0x00,0x00,0x00,0x00,0x00,0x00,0x00,0x00,0x00,0x00,0x00,0x00,0x00,0x00,0x00,0x00,0x00,0x00,
  0x00,0x00,0x00,0x00,0x00,0x00,0x00,0x00,0x00,0x00,0x00,0x00,0x00,0x00,0x00,0x00,0x00,0x00,0x00,0x00,
  0x00,0x00,0x00,0x00,0x00,0x00,0x00,0x00,0x00,0x00,0x00,0x00,0x00,0x00,0x00,0x00,0x00,0x00,0x00,0x00,
  0x00,0x00,0x00,0x00,0x10,0x00,0x00,0x00,0x7e,0xe0,0x10,0x39,0xde,0xa5,0xe5,0x38,0xc1,0x2d,0xcd,0x38,
  0xb1,0xd1,0xc4,0x38,0x19,0x40,0xf8,0x38,0x98,0x6b,0xfc,0x38,0x57,0xea,0x00,0x39,0x3e,0xe8,0x29,0x39,
  0xeb,0xee,0x3d,0x39,0xb6,0x4b,0xea,0x38,0xfc,0x4c,0xd0,0x38,0xff,0x71,0x1f,0x39,0xb1,0xb1,0x03,0x39,
  0xb5,0x67,0x02,0x39,0x4a,0x3a,0x0d,0x39,0x86,0xec,0xf7,0x38,0x12,0x00,0x00,0x00,0x74,0x66,0x6c,0x2e,
  0x70,0x73,0x65,0x75,0x64,0x6f,0x5f,0x71,0x63,0x6f,0x6e,0x73,0x74,0x32,0x00,0x00,0x01,0x00,0x00,0x00,
  0x10,0x00,0x00,0x00,0x6a,0xff,0xff,0xff,0x00,0x00,0x00,0x01,0x14,0x00,0x00,0x00,0x64,0x00,0x00,0x00,
  0x03,0x00,0x00,0x00,0x00,0x00,0x00,0x09,0x70,0x00,0x00,0x00,0x54,0xff,0xff,0xff,0x08,0x00,0x00,0x00,
  0x34,0x00,0x00,0x00,0x05,0x00,0x00,0x00,0x00,0x00,0x00,0x00,0x00,0x00,0x00,0x00,0x00,0x00,0x00,0x00,
  0x00,0x00,0x00,0x00,0x00,0x00,0x00,0x00,0x00,0x00,0x00,0x00,0x00,0x00,0x00,0x00,0x00,0x00,0x00,0x00,
  0x00,0x00,0x00,0x00,0x00,0x00,0x00,0x00,0x00,0x00,0x00,0x00,0x05,0x00,0x00,0x00,0xbc,0x73,0x8d,0x3b,
  0x48,0x83,0xa2,0x3b,0x8f,0xcb,0x87,0x3b,0x68,0x49,0x22,0x3b,0x5f,0x9d,0xa5,0x3b,0x12,0x00,0x00,0x00,
  0x74,0x66,0x6c,0x2e,0x70,0x73,0x65,0x75,0x64,0x6f,0x5f,0x71,0x63,0x6f,0x6e,0x73,0x74,0x31,0x00,0x00,
  0x02,0x00,0x00,0x00,0x05,0x00,0x00,0x00,0x10,0x00,0x00,0x00,0x00,0x00,0x16,0x00,0x1c,0x00,0x18,0x00,
  0x17,0x00,0x10,0x00,0x0c,0x00,0x08,0x00,0x00,0x00,0x00,0x00,0x00,0x00,0x07,0x00,0x16,0x00,0x00,0x00,
  0x00,0x00,0x00,0x01,0x20,0x00,0x00,0x00,0x6c,0x00,0x00,0x00,0x02,0x00,0x00,0x00,0x00,0x00,0x00,0x02,
  0x78,0x00,0x00,0x00,0x0c,0x00,0x0c,0x00,0x00,0x00,0x00,0x00,0x08,0x00,0x04,0x00,0x0c,0x00,0x00,0x00,
  0x08,0x00,0x00,0x00,0x30,0x00,0x00,0x00,0x05,0x00,0x00,0x00,0x00,0x00,0x00,0x00,0x00,0x00,0x00,0x00,
  0x00,0x00,0x00,0x00,0x00,0x00,0x00,0x00,0x00,0x00,0x00,0x00,0x00,0x00,0x00,0x00,0x00,0x00,0x00,0x00,
  0x00,0x00,0x00,0x00,0x00,0x00,0x00,0x00,0x00,0x00,0x00,0x00,0x05,0x00,0x00,0x00,0xc1,0x68,0x07,0x39,
  0xf9,0x91,0x1b,0x39,0x72,0xfe,0x01,0x39,0x92,0x5a,0x9b,0x38,0x24,0x8a,0x1e,0x39,0x11,0x00,0x00,0x00,
  0x74,0x66,0x6c,0x2e,0x70,0x73,0x65,0x75,0x64,0x6f,0x5f,0x71,0x63,0x6f,0x6e,0x73,0x74,0x00,0x00,0x00,
  0x01,0x00,0x00,0x00,0x05,0x00,0x00,0x00,0x00,0x00,0x16,0x00,0x1c,0x00,0x18,0x00,0x00,0x00,0x14,0x00,
  0x10,0x00,0x0c,0x00,0x00,0x00,0x00,0x00,0x08,0x00,0x07,0x00,0x16,0x00,0x00,0x00,0x00,0x00,0x00,0x01,
  0x14,0x00,0x00,0x00,0x20,0x00,0x00,0x00,0x20,0x00,0x00,0x00,0x01,0x00,0x00,0x00,0x3c,0x00,0x00,0x00,
  0x02,0x00,0x00,0x00,0xff,0xff,0xff,0xff,0x3e,0x00,0x00,0x00,0x04,0x00,0x04,0x00,0x04,0x00,0x00,0x00,
  0x1e,0x00,0x00,0x00,0x73,0x65,0x72,0x76,0x69,0x6e,0x67,0x5f,0x64,0x65,0x66,0x61,0x75,0x6c,0x74,0x5f,
  0x6b,0x65,0x72,0x61,0x73,0x5f,0x74,0x65,0x6e,0x73,0x6f,0x72,0x3a,0x30,0x00,0x00,0x02,0x00,0x00,0x00,
  0x01,0x00,0x00,0x00,0x3e,0x00,0x00,0x00,0x04,0x00,0x00,0x00,0x58,0x00,0x00,0x00,0x38,0x00,0x00,0x00,
  0x18,0x00,0x00,0x00,0x04,0x00,0x00,0x00,0xe0,0xff,0xff,0xff,0x06,0x00,0x00,0x00,0x02,0x00,0x00,0x00,
  0x00,0x00,0x00,0x06,0xf0,0xff,0xff,0xff,0x19,0x00,0x00,0x00,0x02,0x00,0x00,0x00,0x00,0x00,0x00,0x19,
  0x0c,0x00,0x10,0x00,0x0f,0x00,0x00,0x00,0x08,0x00,0x04,0x00,0x0c,0x00,0x00,0x00,0x09,0x00,0x00,0x00,
  0x04,0x00,0x00,0x00,0x00,0x00,0x00,0x09,0x0c,0x00,0x0c,0x00,0x0b,0x00,0x00,0x00,0x00,0x00,0x04,0x00,
  0x0c,0x00,0x00,0x00,0x72,0x00,0x00,0x00,0x00,0x00,0x00,0x72
};

const int research_arduino_cry_classifier_tflite_len = 19632;
const int RESEARCH_NUM_FEATURES = 62;
const int NUM_CLASSES = 5;

// Research-optimized feature configuration
#define RESEARCH_N_MFCC 13
#define RESEARCH_N_GFCC 8
#define RESEARCH_N_HARMONIC 4
#define RESEARCH_SAMPLE_RATE 16000
#define RESEARCH_FRAME_LENGTH 512
#define RESEARCH_HOP_LENGTH 256

// Class names
const char* CLASS_NAMES[5] = {
  "belly_pain",
  "burping",
  "discomfort",
  "hungry",
  "tired"
};

// Research-validated performance
#define RESEARCH_VALIDATED_ACCURACY 0.8922f
#define RESEARCH_AVG_CONFIDENCE 0.9357f

#endif
